Aula,Día,Inicio,Fin,Código,Materia,Comisión,Cupo,Inscriptos,=ARRAYFORMULA(TO_PURE_NUMBER(E2:E)),Día,Capacidad,Estado
,,,,,,,,,,,,
8,Lunes,22:00,22:01,00.00,,,,,00.00,1,,
10,Lunes,22:00,22:01,00.00,,,,,00.00,1,,
11,Lunes,22:00,22:01,00.00,,,,,00.00,1,,
12,Lunes,22:00,22:01,00.00,,,,,00.00,1,,
13,Lunes,22:00,22:01,00.00,,,,,00.00,1,,
21,Lunes,22:00,22:01,00.00,,,,,00.00,1,,
22,Lunes,22:00,22:01,00.00,,,,,00.00,1,,
23,Lunes,22:00,22:01,00.00,,,,,00.00,1,,
25,Lunes,22:00,22:01,00.00,,,,,00.00,1,,
26,Lunes,22:00,22:01,00.00,,,,,00.00,1,,
29,Lunes,22:00,22:01,00.00,,,,,00.00,1,,
30,Lunes,22:00,22:01,00.00,,,,,00.00,1,,
31,Lunes,22:00,22:01,00.00,,,,,00.00,1,,
32,Lunes,22:00,22:01,00.00,,,,,00.00,1,,
33,Lunes,22:00,22:01,00.00,,,,,00.00,1,,
104,Lunes,22:00,22:01,00.00,,,,,00.00,1,,
105,Lunes,22:00,22:01,00.00,,,,,00.00,1,,
106,Lunes,22:00,22:01,00.00,,,,,00.00,1,,
107,Lunes,22:00,22:01,00.00,,,,,00.00,1,,
110,Lunes,22:00,22:01,00.00,,,,,00.00,1,,
111,Lunes,22:00,22:01,00.00,,,,,00.00,1,,
112,Lunes,22:00,22:01,00.00,,,,,00.00,1,,
113,Lunes,22:00,22:01,00.00,,,,,00.00,1,,
116,Lunes,22:00,22:01,00.00,,,,,00.00,1,,
117,Lunes,22:00,22:01,00.00,,,,,00.00,1,,
120,Lunes,22:00,22:01,00.00,,,,,00.00,1,,
121,Lunes,22:00,22:01,00.00,,,,,00.00,1,,
122,Lunes,22:00,22:01,00.00,,,,,00.00,1,,
123,Lunes,22:00,22:01,00.00,,,,,00.00,1,,
124,Lunes,22:00,22:01,00.00,,,,,00.00,1,,
125,Lunes,22:00,22:01,00.00,,,,,00.00,1,,
126,Lunes,22:00,22:01,00.00,,,,,00.00,1,,
130,Lunes,22:00,22:01,00.00,,,,,00.00,1,,
131,Lunes,22:00,22:01,00.00,,,,,00.00,1,,
132,Lunes,22:00,22:01,00.00,,,,,00.00,1,,
133,Lunes,22:00,22:01,00.00,,,,,00.00,1,,
135,Lunes,22:00,22:01,00.00,,,,,00.00,1,,
140,Lunes,22:00,22:01,00.00,,,,,00.00,1,,
141,Lunes,22:00,22:01,00.00,,,,,00.00,1,,
142,Lunes,22:00,22:01,00.00,,,,,00.00,1,,
152,Lunes,22:00,22:01,00.00,,,,,00.00,1,,
154,Lunes,22:00,22:01,00.00,,,,,00.00,1,,
Aula Magna,Lunes,22:00,22:01,00.00,,,,,00.00,1,,
,,,,,,,,,,,,
8,Martes,22:00,22:01,00.00,,,,,00.00,2,,
10,Martes,22:00,22:01,00.00,,,,,00.00,2,,
11,Martes,22:00,22:01,00.00,,,,,00.00,2,,
12,Martes,22:00,22:01,00.00,,,,,00.00,2,,
13,Martes,22:00,22:01,00.00,,,,,00.00,2,,
21,Martes,22:00,22:01,00.00,,,,,00.00,2,,
22,Martes,22:00,22:01,00.00,,,,,00.00,2,,
23,Martes,22:00,22:01,00.00,,,,,00.00,2,,
25,Martes,22:00,22:01,00.00,,,,,00.00,2,,
26,Martes,22:00,22:01,00.00,,,,,00.00,2,,
29,Martes,22:00,22:01,00.00,,,,,00.00,2,,
30,Martes,22:00,22:01,00.00,,,,,00.00,2,,
31,Martes,22:00,22:01,00.00,,,,,00.00,2,,
32,Martes,22:00,22:01,00.00,,,,,00.00,2,,
33,Martes,22:00,22:01,00.00,,,,,00.00,2,,
104,Martes,22:00,22:01,00.00,,,,,00.00,2,,
105,Martes,22:00,22:01,00.00,,,,,00.00,2,,
106,Martes,22:00,22:01,00.00,,,,,00.00,2,,
107,Martes,22:00,22:01,00.00,,,,,00.00,2,,
110,Martes,22:00,22:01,00.00,,,,,00.00,2,,
111,Martes,22:00,22:01,00.00,,,,,00.00,2,,
112,Martes,22:00,22:01,00.00,,,,,00.00,2,,
113,Martes,22:00,22:01,00.00,,,,,00.00,2,,
116,Martes,22:00,22:01,00.00,,,,,00.00,2,,
117,Martes,22:00,22:01,00.00,,,,,00.00,2,,
120,Martes,22:00,22:01,00.00,,,,,00.00,2,,
121,Martes,22:00,22:01,00.00,,,,,00.00,2,,
122,Martes,22:00,22:01,00.00,,,,,00.00,2,,
123,Martes,22:00,22:01,00.00,,,,,00.00,2,,
124,Martes,22:00,22:01,00.00,,,,,00.00,2,,
125,Martes,22:00,22:01,00.00,,,,,00.00,2,,
126,Martes,22:00,22:01,00.00,,,,,00.00,2,,
130,Martes,22:00,22:01,00.00,,,,,00.00,2,,
131,Martes,22:00,22:01,00.00,,,,,00.00,2,,
132,Martes,22:00,22:01,00.00,,,,,00.00,2,,
133,Martes,22:00,22:01,00.00,,,,,00.00,2,,
135,Martes,22:00,22:01,00.00,,,,,00.00,2,,
140,Martes,22:00,22:01,00.00,,,,,00.00,2,,
141,Martes,22:00,22:01,00.00,,,,,00.00,2,,
142,Martes,22:00,22:01,00.00,,,,,00.00,2,,
152,Martes,22:00,22:01,00.00,,,,,00.00,2,,
154,Martes,22:00,22:01,00.00,,,,,00.00,2,,
Aula Magna,Martes,22:00,22:01,00.00,,,,,00.00,2,,
,,,,,,,,,,,,
8,Miércoles,22:00,22:01,00.00,,,,,00.00,3,,
10,Miércoles,22:00,22:01,00.00,,,,,00.00,3,,
11,Miércoles,22:00,22:01,00.00,,,,,00.00,3,,
12,Miércoles,22:00,22:01,00.00,,,,,00.00,3,,
13,Miércoles,22:00,22:01,00.00,,,,,00.00,3,,
21,Miércoles,22:00,22:01,00.00,,,,,00.00,3,,
22,Miércoles,22:00,22:01,00.00,,,,,00.00,3,,
23,Miércoles,22:00,22:01,00.00,,,,,00.00,3,,
25,Miércoles,22:00,22:01,00.00,,,,,00.00,3,,
26,Miércoles,22:00,22:01,00.00,,,,,00.00,3,,
29,Miércoles,22:00,22:01,00.00,,,,,00.00,3,,
30,Miércoles,22:00,22:01,00.00,,,,,00.00,3,,
31,Miércoles,22:00,22:01,00.00,,,,,00.00,3,,
32,Miércoles,22:00,22:01,00.00,,,,,00.00,3,,
33,Miércoles,22:00,22:01,00.00,,,,,00.00,3,,
104,Miércoles,22:00,22:01,00.00,,,,,00.00,3,,
105,Miércoles,22:00,22:01,00.00,,,,,00.00,3,,
106,Miércoles,22:00,22:01,00.00,,,,,00.00,3,,
107,Miércoles,22:00,22:01,00.00,,,,,00.00,3,,
110,Miércoles,22:00,22:01,00.00,,,,,00.00,3,,
111,Miércoles,22:00,22:01,00.00,,,,,00.00,3,,
112,Miércoles,22:00,22:01,00.00,,,,,00.00,3,,
113,Miércoles,22:00,22:01,00.00,,,,,00.00,3,,
116,Miércoles,22:00,22:01,00.00,,,,,00.00,3,,
117,Miércoles,22:00,22:01,00.00,,,,,00.00,3,,
120,Miércoles,22:00,22:01,00.00,,,,,00.00,3,,
121,Miércoles,22:00,22:01,00.00,,,,,00.00,3,,
122,Miércoles,22:00,22:01,00.00,,,,,00.00,3,,
123,Miércoles,22:00,22:01,00.00,,,,,00.00,3,,
124,Miércoles,22:00,22:01,00.00,,,,,00.00,3,,
125,Miércoles,22:00,22:01,00.00,,,,,00.00,3,,
126,Miércoles,22:00,22:01,00.00,,,,,00.00,3,,
130,Miércoles,22:00,22:01,00.00,,,,,00.00,3,,
131,Miércoles,22:00,22:01,00.00,,,,,00.00,3,,
132,Miércoles,22:00,22:01,00.00,,,,,00.00,3,,
133,Miércoles,22:00,22:01,00.00,,,,,00.00,3,,
135,Miércoles,22:00,22:01,00.00,,,,,00.00,3,,
140,Miércoles,22:00,22:01,00.00,,,,,00.00,3,,
141,Miércoles,22:00,22:01,00.00,,,,,00.00,3,,
142,Miércoles,22:00,22:01,00.00,,,,,00.00,3,,
152,Miércoles,22:00,22:01,00.00,,,,,00.00,3,,
154,Miércoles,22:00,22:01,00.00,,,,,00.00,3,,
Aula Magna,Miércoles,22:00,22:01,00.00,,,,,00.00,3,,
,,,,,,,,,,,,
8,Jueves,22:00,22:01,00.00,,,,,00.00,4,,
10,Jueves,22:00,22:01,00.00,,,,,00.00,4,,
11,Jueves,22:00,22:01,00.00,,,,,00.00,4,,
12,Jueves,22:00,22:01,00.00,,,,,00.00,4,,
13,Jueves,22:00,22:01,00.00,,,,,00.00,4,,
21,Jueves,22:00,22:01,00.00,,,,,00.00,4,,
22,Jueves,22:00,22:01,00.00,,,,,00.00,4,,
23,Jueves,22:00,22:01,00.00,,,,,00.00,4,,
25,Jueves,22:00,22:01,00.00,,,,,00.00,4,,
26,Jueves,22:00,22:01,00.00,,,,,00.00,4,,
29,Jueves,22:00,22:01,00.00,,,,,00.00,4,,
30,Jueves,22:00,22:01,00.00,,,,,00.00,4,,
31,Jueves,22:00,22:01,00.00,,,,,00.00,4,,
32,Jueves,22:00,22:01,00.00,,,,,00.00,4,,
33,Jueves,22:00,22:01,00.00,,,,,00.00,4,,
104,Jueves,22:00,22:01,00.00,,,,,00.00,4,,
105,Jueves,22:00,22:01,00.00,,,,,00.00,4,,
106,Jueves,22:00,22:01,00.00,,,,,00.00,4,,
107,Jueves,22:00,22:01,00.00,,,,,00.00,4,,
110,Jueves,22:00,22:01,00.00,,,,,00.00,4,,
111,Jueves,22:00,22:01,00.00,,,,,00.00,4,,
112,Jueves,22:00,22:01,00.00,,,,,00.00,4,,
113,Jueves,22:00,22:01,00.00,,,,,00.00,4,,
116,Jueves,22:00,22:01,00.00,,,,,00.00,4,,
117,Jueves,22:00,22:01,00.00,,,,,00.00,4,,
120,Jueves,22:00,22:01,00.00,,,,,00.00,4,,
121,Jueves,22:00,22:01,00.00,,,,,00.00,4,,
122,Jueves,22:00,22:01,00.00,,,,,00.00,4,,
123,Jueves,22:00,22:01,00.00,,,,,00.00,4,,
124,Jueves,22:00,22:01,00.00,,,,,00.00,4,,
125,Jueves,22:00,22:01,00.00,,,,,00.00,4,,
126,Jueves,22:00,22:01,00.00,,,,,00.00,4,,
130,Jueves,22:00,22:01,00.00,,,,,00.00,4,,
131,Jueves,22:00,22:01,00.00,,,,,00.00,4,,
132,Jueves,22:00,22:01,00.00,,,,,00.00,4,,
133,Jueves,22:00,22:01,00.00,,,,,00.00,4,,
135,Jueves,22:00,22:01,00.00,,,,,00.00,4,,
140,Jueves,22:00,22:01,00.00,,,,,00.00,4,,
141,Jueves,22:00,22:01,00.00,,,,,00.00,4,,
142,Jueves,22:00,22:01,00.00,,,,,00.00,4,,
152,Jueves,22:00,22:01,00.00,,,,,00.00,4,,
154,Jueves,22:00,22:01,00.00,,,,,00.00,4,,
Aula Magna,Jueves,22:00,22:01,00.00,,,,,00.00,4,,
,,,,,,,,,,,,
8,Viernes,22:00,22:01,00.00,,,,,00.00,5,,
10,Viernes,22:00,22:01,00.00,,,,,00.00,5,,
11,Viernes,22:00,22:01,00.00,,,,,00.00,5,,
12,Viernes,22:00,22:01,00.00,,,,,00.00,5,,
13,Viernes,22:00,22:01,00.00,,,,,00.00,5,,
21,Viernes,22:00,22:01,00.00,,,,,00.00,5,,
22,Viernes,22:00,22:01,00.00,,,,,00.00,5,,
23,Viernes,22:00,22:01,00.00,,,,,00.00,5,,
25,Viernes,22:00,22:01,00.00,,,,,00.00,5,,
26,Viernes,22:00,22:01,00.00,,,,,00.00,5,,
29,Viernes,22:00,22:01,00.00,,,,,00.00,5,,
30,Viernes,22:00,22:01,00.00,,,,,00.00,5,,
31,Viernes,22:00,22:01,00.00,,,,,00.00,5,,
32,Viernes,22:00,22:01,00.00,,,,,00.00,5,,
33,Viernes,22:00,22:01,00.00,,,,,00.00,5,,
104,Viernes,22:00,22:01,00.00,,,,,00.00,5,,
105,Viernes,22:00,22:01,00.00,,,,,00.00,5,,
106,Viernes,22:00,22:01,00.00,,,,,00.00,5,,
107,Viernes,22:00,22:01,00.00,,,,,00.00,5,,
110,Viernes,22:00,22:01,00.00,,,,,00.00,5,,
111,Viernes,22:00,22:01,00.00,,,,,00.00,5,,
112,Viernes,22:00,22:01,00.00,,,,,00.00,5,,
113,Viernes,22:00,22:01,00.00,,,,,00.00,5,,
116,Viernes,22:00,22:01,00.00,,,,,00.00,5,,
117,Viernes,22:00,22:01,00.00,,,,,00.00,5,,
120,Viernes,22:00,22:01,00.00,,,,,00.00,5,,
121,Viernes,22:00,22:01,00.00,,,,,00.00,5,,
122,Viernes,22:00,22:01,00.00,,,,,00.00,5,,
123,Viernes,22:00,22:01,00.00,,,,,00.00,5,,
124,Viernes,22:00,22:01,00.00,,,,,00.00,5,,
125,Viernes,22:00,22:01,00.00,,,,,00.00,5,,
126,Viernes,22:00,22:01,00.00,,,,,00.00,5,,
130,Viernes,22:00,22:01,00.00,,,,,00.00,5,,
131,Viernes,22:00,22:01,00.00,,,,,00.00,5,,
132,Viernes,22:00,22:01,00.00,,,,,00.00,5,,
133,Viernes,22:00,22:01,00.00,,,,,00.00,5,,
135,Viernes,22:00,22:01,00.00,,,,,00.00,5,,
140,Viernes,22:00,22:01,00.00,,,,,00.00,5,,
141,Viernes,22:00,22:01,00.00,,,,,00.00,5,,
142,Viernes,22:00,22:01,00.00,,,,,00.00,5,,
152,Viernes,22:00,22:01,00.00,,,,,00.00,5,,
154,Viernes,22:00,22:01,00.00,,,,,00.00,5,,
Aula Magna,Viernes,22:00,22:01,00.00,,,,,00.00,5,,
,,,,,,,,,,,,
8,Sábado,22:00,22:01,00.00,,,,,00.00,6,,
10,Sábado,22:00,22:01,00.00,,,,,00.00,6,,
11,Sábado,22:00,22:01,00.00,,,,,00.00,6,,
12,Sábado,22:00,22:01,00.00,,,,,00.00,6,,
13,Sábado,22:00,22:01,00.00,,,,,00.00,6,,
21,Sábado,22:00,22:01,00.00,,,,,00.00,6,,
22,Sábado,22:00,22:01,00.00,,,,,00.00,6,,
23,Sábado,22:00,22:01,00.00,,,,,00.00,6,,
25,Sábado,22:00,22:01,00.00,,,,,00.00,6,,
26,Sábado,22:00,22:01,00.00,,,,,00.00,6,,
29,Sábado,22:00,22:01,00.00,,,,,00.00,6,,
30,Sábado,22:00,22:01,00.00,,,,,00.00,6,,
31,Sábado,22:00,22:01,00.00,,,,,00.00,6,,
32,Sábado,22:00,22:01,00.00,,,,,00.00,6,,
33,Sábado,22:00,22:01,00.00,,,,,00.00,6,,
104,Sábado,22:00,22:01,00.00,,,,,00.00,6,,
105,Sábado,22:00,22:01,00.00,,,,,00.00,6,,
106,Sábado,22:00,22:01,00.00,,,,,00.00,6,,
107,Sábado,22:00,22:01,00.00,,,,,00.00,6,,
110,Sábado,22:00,22:01,00.00,,,,,00.00,6,,
111,Sábado,22:00,22:01,00.00,,,,,00.00,6,,
112,Sábado,22:00,22:01,00.00,,,,,00.00,6,,
113,Sábado,22:00,22:01,00.00,,,,,00.00,6,,
116,Sábado,22:00,22:01,00.00,,,,,00.00,6,,
117,Sábado,22:00,22:01,00.00,,,,,00.00,6,,
120,Sábado,22:00,22:01,00.00,,,,,00.00,6,,
121,Sábado,22:00,22:01,00.00,,,,,00.00,6,,
122,Sábado,22:00,22:01,00.00,,,,,00.00,6,,
123,Sábado,22:00,22:01,00.00,,,,,00.00,6,,
124,Sábado,22:00,22:01,00.00,,,,,00.00,6,,
125,Sábado,22:00,22:01,00.00,,,,,00.00,6,,
126,Sábado,22:00,22:01,00.00,,,,,00.00,6,,
130,Sábado,22:00,22:01,00.00,,,,,00.00,6,,
131,Sábado,22:00,22:01,00.00,,,,,00.00,6,,
132,Sábado,22:00,22:01,00.00,,,,,00.00,6,,
133,Sábado,22:00,22:01,00.00,,,,,00.00,6,,
135,Sábado,22:00,22:01,00.00,,,,,00.00,6,,
140,Sábado,22:00,22:01,00.00,,,,,00.00,6,,
141,Sábado,22:00,22:01,00.00,,,,,00.00,6,,
142,Sábado,22:00,22:01,00.00,,,,,00.00,6,,
152,Sábado,22:00,22:01,00.00,,,,,00.00,6,,
154,Sábado,22:00,22:01,00.00,,,,,00.00,6,,
Aula Magna,Sábado,22:00,22:01,00.00,,,,,00.00,6,,
Lab A,Lunes,22:00,22:01,00.00,,,,,00.00,1,,
Lab C,Lunes,22:00,22:01,00.00,,,,,00.00,1,,
Lab Universia,Lunes,22:00,22:01,00.00,,,,,00.00,1,,
Lab A,Martes,22:00,22:01,00.00,,,,,00.00,2,,
Lab C,Martes,22:00,22:01,00.00,,,,,00.00,2,,
Lab Universia,Martes,22:00,22:01,00.00,,,,,00.00,2,,
Lab A,Miércoles,22:00,22:01,00.00,,,,,00.00,3,,
Lab C,Miércoles,22:00,22:01,00.00,,,,,00.00,3,,
Lab Universia,Miércoles,22:00,22:01,00.00,,,,,00.00,3,,
Lab A,Jueves,22:00,22:01,00.00,,,,,00.00,4,,
Lab C,Jueves,22:00,22:01,00.00,,,,,00.00,4,,
Lab Universia,Jueves,22:00,22:01,00.00,,,,,00.00,4,,
Lab A,Viernes,22:00,22:01,00.00,,,,,00.00,5,,
Lab C,Viernes,22:00,22:01,00.00,,,,,00.00,5,,
Lab Universia,Viernes,22:00,22:01,00.00,,,,,00.00,5,,
Lab A,Sábado,22:00,22:01,00.00,,,,,00.00,6,,
Lab C,Sábado,22:00,22:01,00.00,,,,,00.00,6,,
Lab Universia,Sábado,22:00,22:01,00.00,,,,,00.00,6,,
29,Jueves,10:00,11:00,12.33,Química orgánica II (Clase de problemas),A,,,12.33,4,46,
12,Viernes,11:00,13:00,12.32,Química orgánica I (Clase de problemas),A,,,12.32,5,38,
12,Viernes,13:00,15:00,00.00,Taller de inglés para profesores,A,,20,00.00,5,38,
122,Jueves,18:00,22:00,00.00,WEC - CACME Jornadas de energía,A,,40,00.00,4,90,
141,Lunes,14:00,17:00,12.34,Quimica Orgánica para Petróleo (Problemas),Q,,,12.34,1,30,
22,Lunes,13:00,16:00,00.00,PESCAR,A,,,00.00,1,30,
22,Jueves,13:00,16:00,00.00,PESCAR,A,,,00.00,4,30,
22,Viernes,13:00,16:00,00.00,PESCAR,A,,,00.00,5,30,
105,Jueves,13:00,15:00,93.51,Clase de Mecanica General (recuperatorios),A,,25,93.51,4,28,
106,Viernes,13:00,15:00,00.00,Ingles para Docentes,A,,,00.00,5,28,
124,Miercoles,14:00,17:00,00.00,Proyecto de Investig Eficiencia Energetica,A,,,00.00,,18,
107,Miercoles,14:00,16:00,93.17,Consulta Matematica I Curso B y E,A,,,93.17,,22,
31,Lunes,19:00,22:00,10.04,Plantas Industriales,A,,,10.04,1,72,
25,Lunes,8:00,9:00,12.01,Consulta de Quimica I y II,A,,,12.01,1,56,
12,Lunes,13:00,14:00,12.01,Consulta de Quimica I y II,A,,,12.01,1,38,
105,Viernes,13:00,14:00,12.01,Consulta de Quimica I y II,A,,,12.01,5,28,
116,Miercoles,12:30,14:00,00.00,Curso Intermediate,A,,,00.00,,28,
113,Viernes,11:30,13:00,00.00,Curso Advanced,A,,,00.00,5,28,
113,Vierne,13:00,14:30,00.00,Curso Intermediate,A,,,00.00,,28,
117,Martes,11:30,13:00,00.00,Curso Conversación,A,,,00.00,2,24,
141,Jueves,12:00,15:00,00.00,Curso Italiano,A,,,00.00,4,30,
106,Lunes,11:00,13:00,00.00,Curso Aleman,A,,,00.00,1,28,
107,Martes,17:00,19:00,00.00,Curso Italiano,A,,,00.00,2,22,
106,Martes,10:00,12:00,00.00,Curso Aleman,A,,,00.00,2,28,
106,Miercoles,9:00,11:00,00.00,Curso Chino,A,,,00.00,,28,
106,Miercoles,14:00,16:00,00.00,Curso Chino,A,,,00.00,,28,
117,Jueves,13:00,15:00,00.00,Curso Frances,A,,,00.00,4,24,
141,Viernes,16:00,18:00,00.00,Curso Portugues,A,,,00.00,5,30,
123,Lunes,13:00,15:00,00.00,Curso Portugues Inicial,A,,,00.00,1,28,
126,Martes,13:00,15:00,00.00,Curso Frances,A,,,00.00,2,30,
122,Martes,15:00,17:00,00.00,Curso Frances,A,,,00.00,2,90,
13,Sabado,8:00,14:00,00.00,Aula para Estudiar,A,,,00.00,,42,
,,,,,,,,,,,,
,,,,,,,,,,,,
,,,,,,,,,,,,
,,,,,,,,,,,,
,,,,,,,,,,,,
,,,,,,,,,,,,
,,,,,,,,,,,,
,,,,,,,,,,,,
,,,,,,,,,,,,
,,,,,,,,,,,,
,,,,,,,,,,,,
,,,,,,,,,,,,
,,,,,,,,,,,,
,,,,,,,,,,,,
,,,,,,,,,,,,
,,,,,,,,,,,,
,,,,,,,,,,,,
,,,,,,,,,,,,
,,,,,,,,,,,,
,,,,,,,,,,,,
,,,,,,,,,,,,
,,,,,,,,,,,,
,,,,,,,,,,,,
,,,,,,,,,,,,
,Martes,9:00,15:00,93.80,Matemática Ingreso (Cuatrimestral),ICM-Catherine's Moorlands,0,22,93.80,2,,
,Viernes,9:00,14:00,93.80,Matemática Ingreso (Cuatrimestral),ICM-Catherine's Moorlands,0,22,93.80,5,,
,Miércoles,8:00,11:00,93.80,Matemática Ingreso (Cuatrimestral),IPM-San Isidro,0,36,93.80,3,,
,Jueves,8:00,11:00,93.80,Matemática Ingreso (Cuatrimestral),IPM-San Isidro,0,36,93.80,4,,
,Viernes,8:00,13:00,93.80,Matemática Ingreso (Cuatrimestral),IPM-San Isidro,0,36,93.80,5,,
,Miércoles,9:00,14:00,93.90,Física Ingreso (Cuatrimestral),ICM-Catherine's Moorlands,0,22,93.90,3,,
,Lunes,8:00,13:00,93.90,Física Ingreso (Cuatrimestral),IPM-San Isidro,0,38,93.90,1,,
,Lunes,9:00,12:00,12.50,Química Ingreso (Cuatrimestral),ICM-Catherine's Moorlands,0,21,12.50,1,,
,Jueves,9:00,11:00,12.50,Química Ingreso (Cuatrimestral),ICM-Catherine's Moorlands,0,21,12.50,4,,
,Miércoles,11:00,13:30,12.50,Química Ingreso (Cuatrimestral),IPM-San Isidro,0,36,12.50,3,,
,Jueves,11:00,13:30,12.50,Química Ingreso (Cuatrimestral),IPM-San Isidro,0,36,12.50,4,,
,Martes,9:00,12:00,99.05,Comunicación para Ing. (Cuatrimestral),IPM-San Isidro,0,33,99.05,2,,
,Jueves,11:00,14:00,99.05,Comunicación para Ing. (Cuatrimestral),ICM-Catherine's Moorlands,0,19,99.05,4,,
10,Lunes,17:00,18:00,93.80,Matemática Ingreso (Cuatrimestral),IPC-F,0,35,93.80,1,66,
10,Jueves,12:00,14:00,93.90,Física Ingreso (Cuatrimestral),IPC-F,0,35,93.90,4,66,
10,Lunes,14:00,17:00,93.80,Matemática Ingreso (Cuatrimestral),IPC-D,0,37,93.80,1,66,
10,Jueves,10:00,12:00,93.24,Probabil.y Estadistica(k/s),S,0,58,93.24,4,66,
10,Martes,9:00,11:00,93.65,Matemática IV,A,25,36,93.65,2,66,
10,Martes,12:00,15:00,21.06,Electrotecnia,A,28,38,21.06,2,66,
10,Lunes,9:00,12:00,31.22,Mecanica de Fluidos,AP,30,57,31.22,1,66,
10,Miércoles,15:00,18:00,31.22,Mecanica de Fluidos,AP,30,57,31.22,3,66,
10,Miércoles,9:00,12:00,11.10,Organizacion de la Produccion I,A,25,31,11.10,3,66,
10,Martes,19:00,22:00,11.19,Costos Industriales,A,25,13,11.19,2,66,
10,Martes,15:00,18:00,11.20,Presupuesto y Control,A,25,28,11.20,2,66,
10,Jueves,19:00,22:00,11.16,Materiales y Procesos,A,25,42,11.16,4,66,
10,Miércoles,19:00,22:00,11.16,Materiales y Procesos,A,25,42,11.16,3,66,
10,Viernes,16:00,19:00,94.23,Formacion General III,AB,25,53,94.23,5,66,
10,Jueves,14:00,16:00,93.44,Fisica IV,A,28,39,93.44,4,66,
10,Viernes,12:00,16:00,93.44,Fisica IV,A,28,39,93.44,5,66,
10,Jueves,14:00,16:00,93.44,Fisica IV,BME,28,29,93.44,4,66,
10,Viernes,8:00,12:00,93.44,Fisica IV,BME,28,29,93.44,5,66,
10,Lunes,19:00,22:00,12.83,Seguridad Ocupacional y Ambiental,K,25,38,12.83,1,66,
10,Miércoles,13:00,15:00,93.03,Matematica III,K,25,26,93.03,3,66,
10,Lunes,12:00,14:00,93.03,Matematica III,Q,25,50,93.03,1,66,
104,Jueves,8:00,10:00,93.03,Matematica III,B,25,34,93.03,4,34,
104,Jueves,10:00,12:00,93.42,Fisica II,B,25,24,93.42,4,34,
104,Martes,9:00,11:00,93.35,Logica Computacional,S,0,20,93.35,2,34,
104,Martes,16:00,19:00,11.91,Metodologia de Investigacion,A,12,26,11.91,2,34,
104,Lunes,12:00,14:00,93.17,Matematica I,E,1,29,93.17,1,34,
104,Jueves,12:00,14:00,93.18,Algebra Lineal,B,8,30,93.18,4,34,
104,Lunes,10:00,12:00,93.18,Algebra Lineal,D,1,26,93.18,1,34,
104,Miércoles,11:00,14:00,94.24,Metodologia del Aprendizaje,B,25,30,94.24,3,34,
104,Miércoles,14:00,17:00,94.24,Metodologia del Aprendizaje,C,25,31,94.24,3,34,
104,Miércoles,8:00,11:00,94.24,Metodologia del Aprendizaje,DF,25,13,94.24,3,34,
104,Miércoles,17:00,20:00,22.58,Instrumentación y control,E,0,10,22.58,3,34,
104,Lunes,14:00,17:00,11.84,Gestion de Proyectos,LA,25,30,11.84,1,34,
104,Jueves,14:00,18:00,22.57,Microprocesadores y Control,M,0,9,22.57,4,34,
104,Viernes,17:00,21:00,22.54,Electronica Industrial,M,0,10,22.54,5,34,
104,Viernes,13:00,15:00,41.34,Desarrollo de Yacimientos (Anual),P,0,23,41.34,5,34,
104,Lunes,17:00,19:00,41.38,Evaluación de Proyectos de la Industria Petrolera,P,0,19,41.38,1,34,
104,Martes,14:00,16:00,93.80,Matemática Ingreso (Cuatrimestral),IPC-E,0,32,93.80,2,34,
104,Viernes,10:00,13:00,99.05,Comunicación para Ing. (Cuatrimestral),IPC-F,0,30,99.05,5,34,
104,Martes,11:00,13:00,93.95,Física Ingreso (Anual),CPA-D,0,29,93.95,2,34,
105,Jueves,18:00,21:00,41.09,Ingenieria de Reservorios,P,0,19,41.09,4,28,
105,Miércoles,9:30,12:30,22.92,Fundamentos de la Teoría de Control,A,0,1,22.92,3,28,
105,Viernes,10:00,12:00,93.17,Matematica I,A,17,23,93.17,5,28,
105,Lunes,18:00,21:00,32.54,Construccion Naval,N,0,4,32.54,1,28,
105,Jueves,9:00,12:00,31.81,Tecnologia de Maquinas,K,0,12,31.81,4,28,
105,Miércoles,18:30,21:30,21.84,Proyecto Final  (Anual),E,0,4,21.84,3,28,
105,Martes,14:00,17:00,11.78,Estadística Aplicada II,A,0,5,11.78,2,28,
105,Lunes,13:00,15:00,93.57,Matematica V ( K ),K,0,24,93.57,1,28,
105,Lunes,15:00,18:00,22.14,Electronica IV,K,0,14,22.14,1,28,
105,Viernes,15:00,18:00,22.14,Electronica IV,K,0,14,22.14,5,28,
105,Viernes,18:00,21:00,22.88,Sensores y Actuadores,K,0,11,22.88,5,28,
105,Miércoles,14:00,16:00,93.18,Algebra Lineal,A,8,20,93.18,3,28,
105,Viernes,8:00,9:30,12.10,Introduccion a la Ingenieria Quimica,Q,0,22,12.10,5,28,
105,Martes,11:00,14:00,31.17,Estatica y Resist. de Mat.,C,25,22,31.17,2,28,
105,Jueves,15:00,18:00,93.75,Metodos Numericos Avanzados,S,0,26,93.75,4,28,
106,Martes,15:00,18:00,22.20,Electronica General,M,0,24,22.20,2,28,
106,Viernes,15:00,18:00,16.34,Electromedicina,K,0,3,16.34,5,28,
106,Martes,12:00,15:00,61.32,Derecho para Ingenieros,KS,0,12,61.32,2,28,
106,Lunes,13:00,15:00,12.90,Proyecto de Plantas  (Anual),Q,0,16,12.90,1,28,
106,Jueves,13:30,16:30,10.03,Gestión de Proyectos (i),A,25,2,10.03,4,28,
106,Lunes,18:30,21:30,21.86,Diseño de Lineas de Transmision y Estaciones Transformadoras,E,0,3,21.86,1,28,
106,Jueves,18:00,21:00,32.57,Proyecto de Buques  (Anual),N,0,2,32.57,4,28,
106,Lunes,13:00,15:00,12.90,Proyecto de Plantas  (Anual),Q,0,14,12.90,1,28,
106,Lunes,15:00,18:00,81.45,Seminario de Actualizacion,B,0,17,81.45,1,28,
107,Jueves,13:00,15:00,94.72,Comunicación para Adm. y Sist. (AyS),LPC-A,0,15,94.72,4,22,
116,Jueves,16:00,18:00,93.22,Prob.y Estadistica(i/m/q),INGLES,25,7,93.22,4,28,
107,Martes,12:00,15:00,31.40,Proyecto Mecánico  (Anual),M,0,12,31.40,2,22,
107,Lunes,15:00,18:00,31.84,Estructuras Automotrices,INGLES,0,9,31.84,1,22,
107,Miércoles,19:00,22:00,22.67,Señales Aleatorias,K,0,18,22.67,3,22,
107,Lunes,12:00,15:00,16.01,Biología Molecular y Celular,BIO,0,7,16.01,1,22,
107,Lunes,19:00,22:00,16.39,Interfaces Bioelectrónicas,K,0,4,16.39,1,22,
107,Martes,19:00,22:00,12.46,Introduccion Al Proceso de Fabricacion de Aceros,QM,0,4,12.46,2,22,
107,Miércoles,16:00,19:00,22.64,Comunicaciones Digitales,K,0,4,22.64,3,22,
107,Lunes,9:00,12:00,22.53,Tecnologia de Mat.electronicos,K,0,8,22.53,1,22,
107,Jueves,18:00,21:00,22.53,Tecnologia de Mat.electronicos,K,0,8,22.53,4,22,
107,Martes,15:00,17:00,93.53,Fisica II (Quimicos),Q,0,18,93.53,2,22,
11,Martes,13:00,15:00,93.42,Fisica II,A,25,53,93.42,2,54,
11,Lunes,9:00,11:00,93.42,Fisica II,MN,25,49,93.42,1,54,
11,Jueves,12:00,14:00,93.42,Fisica II,MN,25,49,93.42,4,54,
11,Viernes,14:00,17:00,93.36,Probabilidad,A,25,42,93.36,5,54,
11,Martes,9:00,13:00,93.58,Algebra,S,0,49,93.58,2,54,
11,Viernes,8:00,11:00,94.24,Metodologia del Aprendizaje,K,25,27,94.24,5,54,
11,Jueves,8:00,12:00,93.41,Fisica I,A,25,41,93.41,4,54,
11,Martes,15:00,18:00,11.20,Presupuesto y Control,B,25,37,11.20,2,54,
11,Martes,19:00,22:00,11.19,Costos Industriales,B,25,37,11.19,2,54,
11,Miércoles,19:00,22:00,11.16,Materiales y Procesos,B,25,39,11.16,3,54,
11,Jueves,19:00,22:00,11.16,Materiales y Procesos,B,25,39,11.16,4,54,
11,Lunes,15:00,18:00,31.21,Termodinamica,MNPE,0,41,31.21,1,54,
11,Miércoles,15:00,18:00,31.21,Termodinamica,MNPE,0,41,31.21,3,54,
11,Miércoles,11:00,14:00,31.22,Mecanica de Fluidos,B,30,47,31.22,3,54,
11,Lunes,11:00,14:00,31.25,Termodinamica,A,25,28,31.25,1,54,
11,Viernes,11:00,14:00,31.25,Termodinamica,B,25,17,31.25,5,54,
11,Jueves,14:00,18:00,93.43,Fisica III,S,25,48,93.43,4,54,
11,Miércoles,8:00,10:00,93.65,Matemática IV,Q,25,47,93.65,3,54,
11,Lunes,18:00,21:00,81.39,Sistemas Integrados de Gestion Empresaria I,AB,0,53,81.39,1,54,
110,Lunes,9:00,11:30,12.55,Química Ingreso (Anual),CPA-D,0,29,12.55,1,39,
110,Martes,8:30,12:00,93.85,Matemática Ingreso (Anual),CPA-B,0,28,93.85,2,39,
110,Viernes,10:30,12:00,12.55,Química Ingreso (Anual),CPA-A,0,32,12.55,5,39,
110,Lunes,11:30,14:00,12.55,Química Ingreso (Anual),CPA-B,0,28,12.55,1,39,
110,Viernes,8:30,10:00,12.55,Química Ingreso (Anual),CPA-B,0,28,12.55,5,39,
110,Lunes,15:00,19:00,93.43,Fisica III,A,25,37,93.43,1,39,
125,Miércoles,11:00,14:00,31.25,Termodinamica,C,25,17,31.25,3,30,
110,Viernes,12:00,14:00,12.50,Química Ingreso (Cuatrimestral),IPC-E,0,32,12.50,5,39,
110,Martes,14:00,17:00,12.50,Química Ingreso (Cuatrimestral),IPC-A,0,38,12.50,2,39,
110,Miércoles,18:00,21:00,41.04,Perforacion Petrolera II,P,0,26,41.04,3,39,
110,Miércoles,15:00,18:00,61.28,Economia,B,25,19,61.28,3,39,
110,Jueves,11:00,14:00,11.77,Estadística Aplicada I,B,25,35,11.77,4,39,
110,Jueves,14:00,17:00,31.38,Turbomaquinas,EM,0,39,31.38,4,39,
110,Viernes,14:00,17:00,31.38,Turbomaquinas,EM,0,39,31.38,5,39,
110,Viernes,17:00,20:00,22.58,Instrumentación y control,E,0,10,22.58,5,39,
110,Jueves,18:00,21:00,22.15,Electronica V,K,0,14,22.15,4,39,
110,Martes,19:00,22:00,12.11,Operaciones Unitarias I,Q,0,17,12.11,2,39,
110,Miércoles,8:00,11:00,72.31,Programacion Imperativa,S,0,34,72.31,3,39,
111,Martes,17:00,20:00,72.35,Ingenieria de Software I,S,0,11,72.35,2,38,
111,Viernes,15:00,18:00,72.39,"Automatas, Teoria de Lenguajes y Compiladores",S,0,22,72.39,5,38,
111,Jueves,14:00,17:00,93.36,Probabilidad,B,25,29,93.36,4,38,
111,Miércoles,10:00,13:00,31.17,Estatica y Resist. de Mat.,A,25,36,31.17,3,38,
111,Viernes,12:00,14:00,93.42,Fisica II,C,25,31,93.42,5,38,
111,Viernes,10:00,12:00,93.02,Matematica II,D,25,36,93.02,5,38,
111,Lunes,14:00,17:00,94.24,Metodologia del Aprendizaje,S,6,34,94.24,1,38,
111,Lunes,18:00,21:00,12.12,Operaciones Unitarias II,Q,0,22,12.12,1,38,
111,Miércoles,19:00,22:00,31.66,"Hidráulica, Neumática y Plc",M,0,30,31.66,3,38,
111,Viernes,8:00,10:00,41.12,Proyecto de Instalaciones de Superficie,P,0,29,41.12,5,38,
111,Martes,13:00,16:00,12.50,Química Ingreso (Cuatrimestral),IPC-B,0,33,12.50,2,38,
111,Miércoles,15:00,17:00,12.50,Química Ingreso (Cuatrimestral),IPC-B,0,33,12.50,3,38,
111,Jueves,17:30,20:30,93.90,Física Ingreso (Cuatrimestral),IPC-H,0,30,93.90,4,38,
111,Martes,8:00,10:00,93.90,Física Ingreso (Cuatrimestral),IPC-B,0,34,93.90,2,38,
111,Miércoles,8:00,10:00,93.90,Física Ingreso (Cuatrimestral),IPC-B,0,34,93.90,3,38,
111,Lunes,10:00,14:00,93.80,Matemática Ingreso (Cuatrimestral),IPC-F,0,35,93.80,1,38,
111,Martes,10:00,12:00,93.80,Matemática Ingreso (Cuatrimestral),IPC-B,0,36,93.80,2,38,
111,Miércoles,13:00,15:00,93.80,Matemática Ingreso (Cuatrimestral),IPC-B,0,36,93.80,3,38,
111,Jueves,8:00,13:00,93.80,Matemática Ingreso (Cuatrimestral),IPC-B,0,36,93.80,4,38,
112,Martes,9:00,12:00,30.09,Motores de Combustión Interna I B,M,0,14,30.09,2,18,
112,Martes,19:00,22:00,21.41,Instalaciones Electricas,M,0,2,21.41,2,18,
112,Lunes,13:00,15:00,94.72,Comunicación para Adm. y Sist. (AyS),LPC-A,0,15,94.72,1,18,
112,Lunes,15:00,18:00,32.64,Plantas Propulsoras Marinas,N,0,1,32.64,1,18,
112,Miércoles,15:00,18:00,32.64,Plantas Propulsoras Marinas,N,0,1,32.64,3,18,
112,Jueves,11:00,14:00,31.58,Proyectos Mecatronicos  (Anual),M,0,1,31.58,4,18,
112,Martes,13:00,16:00,21.81,Maquinas Electricas II,EK,0,7,21.81,2,18,
112,Viernes,15:30,21:30,21.32,Tecnologia de Mat. Electricos,E,0,10,21.32,5,18,
112,Jueves,14:00,17:00,30.10,Fractomecánica,M,0,6,30.10,4,18,
112,Jueves,11:00,14:00,31.58,Proyectos Mecatronicos  (Anual),M,0,3,31.58,4,18,
112,Martes,16:00,19:00,16.34,Electromedicina,K,0,3,16.34,2,18,
112,Jueves,18:00,21:00,32.66,Hidrostática y Estabilidad,N,0,4,32.66,4,18,
113,Martes,14:00,17:00,72.37,Base de Datos I,S,0,24,72.37,2,28,
113,Lunes,12:00,15:00,16.37,Biologia para Ingenieros,K,0,5,16.37,1,28,
113,Miércoles,12:00,15:00,16.37,Biologia para Ingenieros,K,0,5,16.37,3,28,
113,Martes,18:00,21:00,12.26,Termodinamica,Q,0,16,12.26,2,28,
113,Lunes,19:00,22:00,31.81,Tecnologia de Maquinas,K,0,12,31.81,1,28,
113,Miércoles,15:00,18:00,31.86,Sistemas Mecatronicos del Automovil,M,0,13,31.86,3,28,
113,Jueves,10:00,13:00,93.54,Metodos Numericos ( K ),INGLES,0,21,93.54,4,28,
113,Jueves,18:30,21:30,21.86,Diseño de Lineas de Transmision y Estaciones Transformadoras,E,0,3,21.86,4,28,
113,Jueves,13:00,16:00,41.32,Geología para Ingenieros,P,0,7,41.32,4,28,
113,Lunes,15:00,18:00,41.24,Registros de Pozo,P,0,19,41.24,1,28,
113,Viernes,15:00,18:00,41.24,Registros de Pozo,P,0,19,41.24,5,28,
116,Lunes,12:00,15:00,31.40,Proyecto Mecánico  (Anual),M,0,5,31.40,1,28,
116,Miércoles,14:00,17:00,21.06,Electrotecnia,BP,28,20,21.06,3,28,
116,Martes,14:30,17:30,21.71,Electrotecnia I,E,0,9,21.71,2,28,
116,Viernes,15:00,18:00,31.86,Sistemas Mecatronicos del Automovil,M,0,13,31.86,5,28,
116,Martes,18:00,21:00,22.88,Sensores y Actuadores,K,0,11,22.88,2,28,
116,Jueves,18:00,21:00,72.36,Interaccion Hombre-computadora (HCI),S,0,10,72.36,4,28,
116,Viernes,12:00,15:00,93.39,Estadistica,A,20,13,93.39,5,28,
116,Miércoles,9:30,12:30,72.32,Diseño y Procesamiento de Doc Xml,S,0,17,72.32,3,28,
116,Lunes,15:00,18:00,30.06,Motores de Combustión Interna I A,M,0,3,30.06,1,28,
116,Jueves,14:00,16:00,12.50,Química Ingreso (Cuatrimestral),IPC-G,0,25,12.50,4,28,
117,Lunes,10:00,12:00,93.84,Matemática Ingreso (AyS),LPC-A,0,17,93.84,1,24,
117,Jueves,19:00,22:00,21.41,Instalaciones Electricas,M,0,2,21.41,4,24,
117,Lunes,14:00,16:00,93.35,Logica Computacional,S,0,20,93.35,1,24,
117,Jueves,11:00,13:00,22.46,Procesamiento Adaptativo de Señales,K,0,1,22.46,4,24,
117,Martes,13:00,16:00,22.56,Sensores y Actuadores,INGLES,0,9,22.56,2,24,
117,Martes,16:00,18:00,22.57,Microprocesadores y Control,M,0,9,22.57,2,24,
135,Jueves,17:00,19:00,12.24,Ingenieria de Reacciones y Reactores I,Q,0,17,12.24,4,38,
117,Martes,19:00,22:00,22.45,Redes Neuronales,K,0,7,22.45,2,24,
117,Miércoles,12:00,14:00,93.57,Matematica V ( K ),K,0,24,93.57,3,24,
12,Lunes,16:00,19:00,22.12,Electronica II,K,0,8,22.12,1,38,
12,Martes,18:00,22:00,22.08,Algoritmos y Estructura de Datos,K,0,11,22.08,2,38,
12,Lunes,19:00,21:00,32.66,Hidrostática y Estabilidad,N,0,4,32.66,1,38,
12,Viernes,8:00,11:00,12.09,Quimica,S,0,18,12.09,5,38,
12,Miércoles,9:00,13:00,22.07,Programacion I,K,0,15,22.07,3,38,
12,Lunes,11:00,13:00,22.07,Programacion I,K,0,15,22.07,1,38,
12,Martes,8:00,10:00,93.41,Fisica I,S,28,31,93.41,2,38,
12,Jueves,18:00,21:00,81.52,Negocios y Tecnologia en Internet,A,25,38,81.52,4,38,
12,Lunes,14:00,16:00,12.01,Quimica I,D,1,32,12.01,1,38,
12,Martes,10:00,12:00,12.01,Quimica I,E,1,29,12.01,2,38,
12,Martes,14:00,16:00,93.17,Matematica I,K,17,16,93.17,2,38,
12,Viernes,15:00,17:00,22.06,Introduccion a la Computacion,ESPAÑOL,0,15,22.06,5,38,
12,Martes,12:00,14:00,93.18,Algebra Lineal,K,8,15,93.18,2,38,
12,Martes,16:00,18:00,22.06,Introduccion a la Computacion,ESPAÑOL,0,15,22.06,2,38,
12,Miércoles,13:00,17:00,22.06,Introduccion a la Computacion,INGLES,0,2,22.06,3,38,
12,Miércoles,18:00,20:00,22.06,Introduccion a la Computacion,INGLES,0,2,22.06,3,38,
12,Jueves,16:00,17:30,93.95,Física Ingreso (Anual),CPA-B,0,28,93.95,4,38,
12,Jueves,11:00,13:00,93.65,Matemática IV,A,25,36,93.65,4,38,
12,Jueves,14:00,16:00,93.65,Matemática IV,A,25,36,93.65,4,38,
120,Lunes,11:00,13:00,93.35,Logica Computacional,S,0,20,93.35,1,36,
120,Jueves,12:00,14:00,93.80,Matemática Ingreso (Cuatrimestral),IPC-C,0,33,93.80,4,36,
120,Lunes,18:00,22:00,31.67,Procesos de Manufactura I,M,0,7,31.67,1,36,
120,Miércoles,8:00,11:00,99.05,Comunicación para Ing. (Cuatrimestral),IPC-D,0,32,99.05,3,36,
120,Viernes,15:00,16:00,93.90,Física Ingreso (Cuatrimestral),IPC-C,0,32,93.90,5,36,
120,Jueves,10:00,12:00,93.90,Física Ingreso (Cuatrimestral),IPC-C,0,32,93.90,4,36,
120,Martes,10:30,12:00,93.85,Matemática Ingreso (Anual),CPA-A,0,32,93.85,2,36,
120,Miércoles,12:00,14:00,93.85,Matemática Ingreso (Anual),CPA-C,0,32,93.85,3,36,
120,Viernes,9:00,13:00,93.02,Matematica II,E,25,24,93.02,5,36,
120,Lunes,14:00,16:00,93.02,Matematica II,K,25,34,93.02,1,36,
120,Miércoles,18:00,21:00,81.11,Contabilidad Gerencial,A,25,26,81.11,3,36,
120,Martes,8:00,10:00,93.03,Matematica III,B,25,34,93.03,2,36,
120,Jueves,14:00,18:00,22.46,Procesamiento Adaptativo de Señales,K,0,1,22.46,4,36,
120,Jueves,18:00,21:00,10.02,Gestión Ambiental,A,25,32,10.02,4,36,
120,Viernes,13:00,15:00,12.19,Quimica Analitica,Q,0,25,12.19,5,36,
120,Martes,12:00,15:00,22.15,Electronica V,K,0,14,22.15,2,36,
120,Miércoles,14:00,17:00,94.40,Estructura de las Organizaciones,L,25,29,94.40,3,36,
120,Lunes,18:00,22:00,30.08,Procesos de Manufactura I,M,0,31,30.08,1,36,
120,Lunes,16:00,18:00,93.57,Matematica V ( K ),K,0,24,93.57,1,36,
120,Martes,15:00,18:00,61.28,Economia,A,25,27,61.28,2,36,
120,Martes,19:00,22:00,41.12,Proyecto de Instalaciones de Superficie,P,0,29,41.12,2,36,
121,Viernes,15:00,18:00,61.28,Economia,A,25,27,61.28,5,38,
121,Viernes,12:00,15:00,61.28,Economia,B,25,19,61.28,5,38,
121,Martes,18:00,21:00,81.31,Analisis y Diseño de Aplicaciones Informaticas,A,25,33,81.31,2,38,
121,Jueves,18:00,21:00,10.02,Gestión Ambiental,B,25,33,10.02,4,38,
121,Miércoles,19:00,22:00,72.11,Sistemas Operativos,S,0,21,72.11,3,38,
121,Lunes,8:00,11:00,93.59,Matematica Discreta,S,0,31,93.59,1,38,
121,Martes,12:00,14:00,93.02,Matematica II,D,25,36,93.02,2,38,
121,Martes,15:00,17:00,93.02,Matematica II,A,25,31,93.02,2,38,
121,Miércoles,15:00,17:00,93.02,Matematica II,A,25,31,93.02,3,38,
121,Viernes,8:00,10:00,93.95,Física Ingreso (Anual),CPA-A,0,32,93.95,5,38,
121,Martes,8:00,10:00,93.85,Matemática Ingreso (Anual),CPA-C,0,32,93.85,2,38,
121,Jueves,14:00,16:00,93.90,Física Ingreso (Cuatrimestral),IPC-A,0,38,93.90,4,38,
121,Miércoles,11:00,13:00,93.90,Física Ingreso (Cuatrimestral),IPC-C,0,32,93.90,3,38,
121,Lunes,14:00,17:00,12.50,Química Ingreso (Cuatrimestral),IPC-C,0,32,12.50,1,38,
121,Jueves,10:00,12:00,12.50,Química Ingreso (Cuatrimestral),IPC-A,0,38,12.50,4,38,
121,Lunes,11:00,14:00,93.80,Matemática Ingreso (Cuatrimestral),IPC-C,0,33,93.80,1,38,
122,Jueves,15:00,18:00,81.99,Taller de Transición 1 (Sistemas de Información),A,0,38,81.99,4,90,
122,Lunes,15:00,17:00,99.07,Comunicación para Ing. (Anual),CPA-B,0,28,99.07,1,90,
122,Jueves,12:00,15:00,81.02,Introduccion a la Licenciatura en Adm y Sistemas,AB,0,30,81.02,4,90,
122,Lunes,12:00,15:00,81.02,Introduccion a la Licenciatura en Adm y Sistemas,AB,0,30,81.02,1,90,
123,Viernes,15:00,18:00,61.31,Derecho para Ingenieros,BM,25,10,61.31,5,28,
123,Lunes,15:00,18:00,21.09,Máquinas Eléctricas,C,25,18,21.09,1,28,
123,Martes,15:00,17:00,31.52,Construcciones Industriales(i),AB,0,4,31.52,2,28,
123,Miércoles,15:00,19:00,31.52,Construcciones Industriales(i),AB,0,4,31.52,3,28,
123,Martes,17:00,20:00,14.50,Análisis de Riesgos y Puntos Críticos de Control,INGLES,12,7,14.50,2,28,
123,Miércoles,19:00,22:00,14.42,Desarrollo Inmobiliario,A,12,25,14.42,3,28,
123,Jueves,13:00,15:00,93.28,Analisis Matematico II,S,0,28,93.28,4,28,
123,Lunes,9:00,12:00,11.83,Gestion de Operaciones,B,0,17,11.83,1,28,
123,Viernes,9:00,12:00,11.83,Gestion de Operaciones,B,0,17,11.83,5,28,
123,Jueves,17:00,20:00,99.05,Comunicación para Ing. (Cuatrimestral),IPC-G,0,18,99.05,4,28,
124,Jueves,14:00,17:00,31.92,Elementos Finitos II,M,0,2,31.92,4,18,
124,Lunes,13:00,14:30,99.52,Español Lengua Segunda B2,A,0,7,99.52,1,18,
124,Miércoles,13:00,14:30,99.52,Español Lengua Segunda B2,A,0,7,99.52,3,18,
124,Lunes,14:30,16:00,99.56,Español Lengua Segunda C1,A,0,4,99.56,1,18,
124,Miércoles,14:30,16:00,99.56,Español Lengua Segunda C1,A,0,4,99.56,3,18,
124,Jueves,9:00,12:00,21.71,Electrotecnia I,E,0,9,21.71,4,18,
124,Martes,18:00,21:00,32.57,Proyecto de Buques  (Anual),N,0,2,32.57,2,18,
124,Viernes,14:00,17:00,32.52,Maquinas Marinas I,N,0,4,32.52,5,18,
124,Jueves,18:00,21:00,32.54,Construccion Naval,N,0,4,32.54,4,18,
124,Martes,15:00,18:00,12.57,Seguridad e Inocuidad Alimentaria,A,0,10,12.57,2,18,
125,Miércoles,18:00,21:00,31.26,Mecanica de Fluidos,M,0,21,31.26,3,30,
125,Lunes,15:00,18:00,94.28,Formacion General II,A,25,25,94.28,1,30,
125,Jueves,14:00,17:00,32.52,Maquinas Marinas I,N,0,4,32.52,4,30,
125,Miércoles,14:00,17:00,94.62,Etica en los Negocios,A,30,25,94.62,3,30,
125,Viernes,14:00,17:00,61.82,Macroeconomia,A,20,26,61.82,5,30,
125,Martes,11:00,13:00,93.42,Fisica II,B,25,24,93.42,2,30,
125,Martes,13:00,16:00,94.21,Formacion General I,F,1,27,94.21,2,30,
125,Viernes,12:00,14:00,93.17,Matematica I,K,17,16,93.17,5,30,
125,Jueves,18:00,21:00,31.97,Corrosion y Degradacion de Materiales,M,0,7,31.97,4,30,
125,Martes,17:00,20:00,99.05,Comunicación para Ing. (Cuatrimestral),IPC-A,0,29,99.05,2,30,
125,Jueves,10:00,14:00,93.80,Matemática Ingreso (Cuatrimestral),IPC-G,0,26,93.80,4,30,
110,Miércoles,11:00,13:00,72.34,Estructura de Datos y Algoritmos,S,0,23,72.34,3,39,
126,Miércoles,10:00,13:00,93.84,Matemática Ingreso (AyS),LPC-A,0,17,93.84,3,30,
126,Jueves,8:00,11:00,93.84,Matemática Ingreso (AyS),LPC-A,0,17,93.84,4,30,
126,Jueves,15:00,18:00,81.26,Comercio Exterior,B,0,24,81.26,4,30,
126,Jueves,19:00,22:00,31.68,Instalaciones Industriales,M,0,9,31.68,4,30,
126,Jueves,11:00,14:00,94.61,Filosofia,A,0,24,94.61,4,30,
126,Miércoles,14:00,17:00,31.20,Diseño Mecanico,MN,0,29,31.20,3,30,
126,Viernes,15:00,18:00,93.75,Metodos Numericos Avanzados,S,0,26,93.75,5,30,
126,Martes,15:00,18:00,81.11,Contabilidad Gerencial,A,25,26,81.11,2,30,
126,Lunes,14:00,17:00,93.07,Metodos Numericos,S,25,28,93.07,1,30,
126,Miércoles,18:00,21:00,41.32,Geología para Ingenieros,P,0,7,41.32,3,30,
126,Martes,18:30,21:30,81.46,Auditoria General y de Sistemas,B,0,26,81.46,2,30,
13,Jueves,15:00,18:00,94.28,Formacion General II,B,25,15,94.28,4,42,
13,Miércoles,15:00,18:00,22.05,Anal.de Señales y Sist.digit.,K,0,13,22.05,3,42,
13,Viernes,9:00,12:00,22.05,Anal.de Señales y Sist.digit.,K,0,13,22.05,5,42,
13,Martes,17:00,19:00,12.20,Quimica-fisica,Q,0,20,12.20,2,42,
13,Jueves,18:00,21:00,12.83,Seguridad Ocupacional y Ambiental,S,25,30,12.83,4,42,
13,Miércoles,12:00,15:00,61.31,Derecho para Ingenieros,CM,25,26,61.31,3,42,
13,Martes,10:00,14:00,93.44,Fisica IV,MP,28,31,93.44,2,42,
13,Viernes,16:00,18:00,93.44,Fisica IV,MP,28,31,93.44,5,42,
13,Lunes,16:00,19:00,30.03,Instalaciones Térmicas,A,0,17,30.03,1,42,
8,Martes,18:00,21:00,11.10,Organizacion de la Produccion I,B,25,34,11.10,2,36,
13,Jueves,12:00,15:00,61.24,Economia para Ingenieros,S,0,37,61.24,4,42,
13,Lunes,14:00,16:00,72.31,Programacion Imperativa,S,0,34,72.31,1,42,
13,Miércoles,10:00,12:00,93.41,Fisica I,E,25,23,93.41,3,42,
13,Lunes,10:00,12:00,93.17,Matematica I,K,17,16,93.17,1,42,
13,Miércoles,8:00,10:00,93.17,Matematica I,C,17,36,93.17,3,42,
13,Miércoles,18:00,20:00,22.06,Introduccion a la Computacion,ESPAÑOL,0,15,22.06,3,42,
13,Lunes,8:00,10:00,93.18,Algebra Lineal,K,8,15,93.18,1,42,
13,Lunes,12:00,14:00,93.28,Analisis Matematico II,S,0,28,93.28,1,42,
13,Martes,14:00,16:00,99.07,Comunicación para Ing. (Anual),CPA-C,0,31,99.07,2,42,
13,Lunes,19:00,22:00,72.20,Redes de Informacion,S,0,21,72.20,1,42,
13,Viernes,13:00,15:30,93.95,Física Ingreso (Anual),CPA-C,0,32,93.95,5,42,
130,Lunes,10:00,12:00,93.85,Matemática Ingreso (Anual),CPA-A,0,32,93.85,1,38,
130,Viernes,14:00,16:00,93.85,Matemática Ingreso (Anual),CPA-B,0,28,93.85,5,38,
130,Martes,8:00,10:00,93.85,Matemática Ingreso (Anual),CPA-D,0,29,93.85,2,38,
130,Lunes,13:00,14:30,12.55,Química Ingreso (Anual),CPA-D,0,29,12.55,1,38,
130,Miércoles,9:00,12:00,93.90,Física Ingreso (Cuatrimestral),IPC-E,0,31,93.90,3,38,
130,Lunes,15:00,17:00,93.90,Física Ingreso (Cuatrimestral),IPC-F,0,35,93.90,1,38,
130,Miércoles,8:00,9:00,93.90,Física Ingreso (Cuatrimestral),IPC-F,0,35,93.90,3,38,
130,Martes,14:00,18:00,93.22,Prob.y Estadistica(i/m/q),INGLES,25,7,93.22,2,38,
130,Jueves,14:00,18:00,93.22,Prob.y Estadistica(i/m/q),Q,25,35,93.22,4,38,
130,Lunes,8:00,10:00,93.80,Matemática Ingreso (Cuatrimestral),IPC-G,0,26,93.80,1,38,
130,Viernes,10:00,12:00,93.80,Matemática Ingreso (Cuatrimestral),IPC-C,0,33,93.80,5,38,
130,Viernes,12:00,14:00,93.80,Matemática Ingreso (Cuatrimestral),IPC-C,0,33,93.80,5,38,
130,Miércoles,14:00,16:00,93.80,Matemática Ingreso (Cuatrimestral),IPC-D,0,37,93.80,3,38,
121,Viernes,10:00,12:00,93.02,Matematica II,A,25,31,93.02,5,38,
130,Jueves,10:00,12:00,93.02,Matematica II,E,25,24,93.02,4,38,
130,Miércoles,12:00,14:00,93.20,Analisis Matematico,A,0,33,93.20,3,38,
130,Jueves,8:00,10:00,93.20,Analisis Matematico,A,0,33,93.20,4,38,
130,Martes,11:00,14:00,93.39,Estadistica,A,20,13,93.39,2,38,
130,Lunes,18:00,21:00,81.52,Negocios y Tecnologia en Internet,A,25,38,81.52,1,38,
130,Jueves,18:00,21:00,11.10,Organizacion de la Produccion I,A,25,31,11.10,4,38,
130,Miércoles,16:00,19:00,12.24,Ingenieria de Reacciones y Reactores I,Q,0,17,12.24,3,38,
32,Miércoles,19:00,22:00,61.23,Economia para Ingenieros,KM,25,21,61.23,3,84,
130,Martes,18:00,21:00,31.26,Mecanica de Fluidos,M,0,21,31.26,2,38,
32,Miércoles,19:00,22:00,61.23,Economia para Ingenieros,PQ,25,23,61.23,3,84,
131,Miércoles,15:00,18:00,81.26,Comercio Exterior,A,0,42,81.26,3,42,
131,Jueves,19:00,22:00,11.10,Organizacion de la Produccion I,B,25,34,11.10,4,42,
131,Martes,15:00,18:00,21.10,Instalaciones Eléctricas,A,0,5,21.10,2,42,
131,Martes,19:00,22:00,94.42,Comunicacion Estrategica,A,12,26,94.42,2,42,
131,Miércoles,10:00,12:00,93.17,Matematica I,F,17,31,93.17,3,42,
131,Viernes,8:00,10:00,93.17,Matematica I,F,17,31,93.17,5,42,
131,Viernes,10:00,12:00,93.18,Algebra Lineal,F,8,20,93.18,5,42,
131,Martes,13:00,15:00,93.02,Matematica II,B,25,23,93.02,2,42,
131,Jueves,11:00,13:00,93.80,Matemática Ingreso (Cuatrimestral),IPC-D,0,37,93.80,4,42,
131,Lunes,10:00,12:00,93.80,Matemática Ingreso (Cuatrimestral),IPC-A,0,40,93.80,1,42,
131,Lunes,16:00,19:00,72.08,Arquitecturas de Computadoras,S,0,20,72.08,1,42,
131,Martes,8:00,10:00,93.90,Física Ingreso (Cuatrimestral),IPC-E,0,31,93.90,2,42,
131,Lunes,12:00,14:00,93.90,Física Ingreso (Cuatrimestral),IPC-A,0,38,93.90,1,42,
131,Jueves,8:00,10:00,12.50,Química Ingreso (Cuatrimestral),IPC-D,0,39,12.50,4,42,
131,Jueves,14:00,15:30,93.85,Matemática Ingreso (Anual),CPA-B,0,28,93.85,4,42,
131,Miércoles,12:30,14:30,93.85,Matemática Ingreso (Anual),CPA-A,0,32,93.85,3,42,
131,Viernes,12:30,14:00,93.85,Matemática Ingreso (Anual),CPA-A,0,32,93.85,5,42,
131,Lunes,14:00,16:00,93.80,Matemática Ingreso (Cuatrimestral),IPC-A,0,40,93.80,1,42,
131,Martes,10:30,13:00,12.55,Química Ingreso (Anual),CPA-C,0,32,12.55,2,42,
132,Martes,13:00,15:00,93.95,Física Ingreso (Anual),CPA-A,0,32,93.95,2,38,
132,Lunes,17:00,20:00,12.50,Química Ingreso (Cuatrimestral),IPC-I,0,27,12.50,1,38,
132,Miércoles,12:00,15:00,12.50,Química Ingreso (Cuatrimestral),IPC-G,0,25,12.50,3,38,
132,Martes,8:00,13:00,93.80,Matemática Ingreso (Cuatrimestral),IPC-G,0,26,93.80,2,38,
132,Lunes,11:00,17:00,93.80,Matemática Ingreso (Cuatrimestral),IPC-I,0,27,93.80,1,38,
132,Miércoles,10:00,12:00,93.80,Matemática Ingreso (Cuatrimestral),IPC-F,0,35,93.80,3,38,
132,Jueves,15:00,17:00,93.80,Matemática Ingreso (Cuatrimestral),IPC-F,0,35,93.80,4,38,
132,Miércoles,15:00,17:00,93.02,Matematica II,K,25,34,93.02,3,38,
132,Viernes,8:00,11:00,81.08,Aplicacion de las Telecomunicaciones,A,0,20,81.08,5,38,
132,Lunes,8:00,10:00,93.20,Analisis Matematico,A,0,33,93.20,1,38,
132,Viernes,12:00,15:00,61.12,Gestion Financiera,B,25,29,61.12,5,38,
132,Jueves,11:00,14:00,31.17,Estatica y Resist. de Mat.,A,25,36,31.17,4,38,
132,Martes,15:00,17:00,93.42,Fisica II,K,25,19,93.42,2,38,
132,Martes,19:00,21:00,12.08,Bioquimica y Microbiologia,Q,0,19,12.08,2,38,
132,Miércoles,18:00,20:00,12.08,Bioquimica y Microbiologia,Q,0,19,12.08,3,38,
132,Jueves,18:00,21:00,81.31,Analisis y Diseño de Aplicaciones Informaticas,A,25,33,81.31,4,38,
133,Martes,19:00,22:00,61.40,Economia y Finanzas Internacionales,L,0,18,61.40,2,62,
133,Martes,15:00,18:00,81.41,Estrategia Empresaria,AB,0,52,81.41,2,62,
133,Jueves,15:00,18:00,11.15,Organizacion Industrial,K,25,42,11.15,4,62,
133,Jueves,18:00,21:00,11.15,Organizacion Industrial,MPQ,25,65,11.15,4,62,
133,Viernes,12:00,15:00,81.07,Sistemas Contables,A,0,15,81.07,5,62,
133,Martes,12:00,15:00,81.07,Sistemas Contables,B,0,27,81.07,2,62,
133,Lunes,8:00,11:00,21.08,Electrotecnia,MQ,0,43,21.08,1,62,
133,Lunes,15:00,18:00,11.02,Org. de la Produccion II,A,25,20,11.02,1,62,
133,Viernes,18:00,21:00,11.02,Org. de la Produccion II,A,25,20,11.02,5,62,
133,Lunes,18:00,21:00,11.02,Org. de la Produccion II,B,25,28,11.02,1,62,
133,Viernes,15:00,18:00,11.02,Org. de la Produccion II,B,25,28,11.02,5,62,
133,Lunes,13:00,15:00,93.42,Fisica II,A,25,53,93.42,1,62,
133,Miércoles,15:00,18:00,11.73,Teoria de la Decision,A,12,56,11.73,3,62,
133,Jueves,9:00,14:00,93.58,Algebra,S,0,49,93.58,4,62,
133,Viernes,10:00,12:00,93.18,Algebra Lineal,C,8,33,93.18,5,62,
133,Martes,8:00,10:00,93.80,Matemática Ingreso (Cuatrimestral),IPC-H,0,32,93.80,2,62,
133,Miércoles,9:00,11:00,93.80,Matemática Ingreso (Cuatrimestral),IPC-C,0,33,93.80,3,62,
133,Martes,10:00,12:00,93.90,Física Ingreso (Cuatrimestral),IPC-H,0,30,93.90,2,62,
133,Miércoles,18:00,21:00,81.39,Sistemas Integrados de Gestion Empresaria I,AB,0,53,81.39,3,62,
135,Jueves,19:00,22:00,61.10,Economia Internacional,A,15,3,61.10,4,38,
135,Miércoles,15:00,17:00,12.50,Química Ingreso (Cuatrimestral),IPC-C,0,32,12.50,3,38,
135,Miércoles,10:00,13:00,12.50,Química Ingreso (Cuatrimestral),IPC-H,0,31,12.50,3,38,
135,Martes,16:00,19:00,12.50,Química Ingreso (Cuatrimestral),IPC-F,0,33,12.50,2,38,
135,Miércoles,8:00,10:00,93.80,Matemática Ingreso (Cuatrimestral),IPC-H,0,32,93.80,3,38,
135,Miércoles,13:00,15:00,93.80,Matemática Ingreso (Cuatrimestral),IPC-H,0,32,93.80,3,38,
135,Martes,14:00,16:00,93.80,Matemática Ingreso (Cuatrimestral),IPC-F,0,35,93.80,2,38,
135,Martes,12:00,14:00,93.65,Matemática IV,MPN,25,26,93.65,2,38,
135,Viernes,12:00,16:00,93.65,Matemática IV,MPN,25,26,93.65,5,38,
135,Lunes,14:00,16:00,93.17,Matematica I,F,17,31,93.17,1,38,
135,Martes,9:00,12:00,81.07,Sistemas Contables,A,0,15,81.07,2,38,
135,Lunes,12:00,14:00,93.02,Matematica II,B,25,23,93.02,1,38,
135,Jueves,11:00,13:00,93.41,Fisica I,S,28,31,93.41,4,38,
135,Viernes,8:00,11:00,61.81,Microeconomía,A,0,19,61.81,5,38,
135,Jueves,8:00,11:00,93.59,Matematica Discreta,S,0,31,93.59,4,38,
135,Lunes,8:00,11:00,21.09,Máquinas Eléctricas,B,25,9,21.09,1,38,
135,Miércoles,19:00,22:00,81.63,Marketing Internacional,A,0,17,81.63,3,38,
135,Jueves,14:00,17:00,12.84,Introduccion a la Ingenieria Ambiental,Q,0,37,12.84,4,38,
140,Lunes,14:00,17:00,11.85,Toma de Decisiones,LB,28,8,11.85,1,28,
140,Viernes,14:00,17:00,11.85,Toma de Decisiones,LB,28,8,11.85,5,28,
140,Miércoles,18:00,21:00,12.26,Termodinamica,Q,0,16,12.26,3,28,
140,Martes,14:00,17:00,12.13,Operaciones Unitarias III,Q,0,7,12.13,2,28,
140,Martes,18:00,21:00,12.13,Operaciones Unitarias III,Q,0,7,12.13,2,28,
140,Lunes,18:00,21:00,12.16,Fenomenos de Transporte,Q,0,20,12.16,1,28,
140,Miércoles,10:00,12:00,12.16,Fenomenos de Transporte,Q,0,20,12.16,3,28,
140,Miércoles,14:00,17:00,12.16,Fenomenos de Transporte,Q,0,20,12.16,3,28,
140,Jueves,10:00,12:00,12.16,Fenomenos de Transporte,Q,0,20,12.16,4,28,
140,Viernes,18:00,22:00,41.29,Geoestadistica,P,0,16,41.29,5,28,
140,Jueves,14:00,17:00,94.63,Epistemologia y Heuristica,A,25,26,94.63,4,28,
140,Viernes,12:00,14:00,93.02,Matematica II,B,25,23,93.02,5,28,
140,Jueves,17:00,20:00,94.21,Formacion General I,INGLES,15,12,94.21,4,28,
140,Martes,10:00,13:00,94.60,Panorama Historico Global,A,0,14,94.60,2,28,
141,Lunes,18:00,22:00,14.46,Lean Manufacturing,A,12,16,14.46,1,30,
141,Viernes,18:00,21:00,14.05,Creatividad,A,12,28,14.05,5,30,
141,Miércoles,19:00,22:00,72.43,Gestión de Proyectos Informáticos,S,0,2,72.43,3,30,
141,Miércoles,15:30,18:30,21.85,Sistemas Electricos de Potencia,E,0,3,21.85,3,30,
141,Viernes,12:00,15:00,81.07,Sistemas Contables,B,0,27,81.07,5,30,
141,Martes,13:00,16:00,93.21,Algebra,A,0,13,93.21,2,30,
141,Jueves,8:00,11:00,93.21,Algebra,A,0,13,93.21,4,30,
141,Martes,8:00,11:00,93.21,Algebra,B,0,14,93.21,2,30,
141,Viernes,8:00,11:00,93.21,Algebra,B,0,14,93.21,5,30,
141,Martes,16:00,19:00,22.64,Comunicaciones Digitales,K,0,4,22.64,2,30,
141,Jueves,15:00,18:00,61.40,Economia y Finanzas Internacionales,L,0,18,61.40,4,30,
142,Viernes,13:00,16:00,22.67,Señales Aleatorias,K,0,18,22.67,5,30,
142,Martes,19:00,22:00,11.75,Tecnologías y Procesos de Producción,A,0,1,11.75,2,30,
142,Miércoles,11:00,14:00,31.34,Estatica,M,0,24,31.34,3,30,
142,Jueves,19:00,22:00,12.90,Proyecto de Plantas  (Anual),Q,0,14,12.90,4,30,
142,Lunes,15:00,18:00,11.46,Planeamiento Estrategico,A,25,24,11.46,1,30,
142,Lunes,18:00,21:00,11.46,Planeamiento Estrategico,B,25,14,11.46,1,30,
142,Jueves,16:00,19:00,72.39,"Automatas, Teoria de Lenguajes y Compiladores",S,0,22,72.39,4,30,
142,Miércoles,14:00,17:00,81.20,Comercializacion,INGLES,28,25,81.20,3,30,
142,Martes,13:00,17:00,93.03,Matematica III,MN,25,23,93.03,2,30,
142,Lunes,11:00,14:00,94.24,Metodologia del Aprendizaje,E,25,17,94.24,1,30,
152,Viernes,14:00,17:00,94.21,Formacion General I,EK,25,24,94.21,5,66,
152,Jueves,8:00,11:00,94.21,Formacion General I,C,1,44,94.21,4,66,
152,Jueves,11:00,14:00,94.21,Formacion General I,A,1,32,94.21,4,66,
152,Viernes,12:00,14:00,93.02,Matematica II,K,25,34,93.02,5,66,
152,Martes,15:00,18:00,31.17,Estatica y Resist. de Mat.,B,25,52,31.17,2,66,
152,Martes,13:00,15:00,93.03,Matematica III,B,25,34,93.03,2,66,
152,Lunes,11:00,13:00,93.24,Probabil.y Estadistica(k/s),S,0,58,93.24,1,66,
152,Martes,11:00,13:00,93.24,Probabil.y Estadistica(k/s),S,0,58,93.24,2,66,
152,Jueves,14:00,16:00,93.42,Fisica II,S,25,40,93.42,4,66,
152,Lunes,15:00,18:00,31.19,Estatica y Resistencia de Materiales,PQ,0,39,31.19,1,66,
152,Miércoles,15:00,18:00,10.01,Proyecto Final de Ingeniería Industrial (Anual),A,25,46,10.01,3,66,
152,Miércoles,18:00,21:00,10.01,Proyecto Final de Ingeniería Industrial (Anual),B,25,20,10.01,3,66,
152,Martes,18:00,21:00,31.36,Metalurgia Fisica I,PM,30,44,31.36,2,66,
152,Miércoles,15:00,18:00,11.99,Proyecto Final de Ingenieria Industrial,A,25,22,11.99,3,66,
152,Miércoles,18:00,21:00,11.99,Proyecto Final de Ingenieria Industrial,B,25,25,11.99,3,66,
152,Lunes,18:30,21:30,81.56,Arquitectura de la Tecnologia Informática,AB,0,40,81.56,1,66,
152,Lunes,8:00,11:00,93.07,Metodos Numericos,B,25,54,93.07,1,66,
152,Miércoles,9:00,13:00,93.43,Fisica III,MPN,25,51,93.43,3,66,
152,Viernes,8:00,12:00,93.80,Matemática Ingreso (Cuatrimestral),IPC-A,0,40,93.80,5,66,
152,Lunes,13:00,15:00,99.07,Comunicación para Ing. (Anual),CPA-A,0,30,99.07,1,66,
152,Miércoles,13:30,15:00,93.85,Matemática Ingreso (Anual),CPA-D,0,29,93.85,3,66,
154,Martes,14:00,17:00,31.68,Instalaciones Industriales,M,0,9,31.68,2,30,
154,Martes,11:00,14:00,31.35,Resistencia de Materiales,M,0,20,31.35,2,30,
154,Jueves,11:00,14:00,31.35,Resistencia de Materiales,M,0,20,31.35,4,30,
154,Miércoles,15:00,18:00,94.41,Gestion de los Recursos Humanos,LB,25,11,94.41,3,30,
154,Miércoles,18:00,21:00,94.63,Epistemologia y Heuristica,B,25,18,94.63,3,30,
154,Jueves,14:00,17:00,12.19,Quimica Analitica,Q,0,25,12.19,4,30,
154,Lunes,11:00,14:00,31.34,Estatica,M,0,24,31.34,1,30,
154,Lunes,15:30,18:30,21.85,Sistemas Electricos de Potencia,E,0,3,21.85,1,30,
154,Viernes,14:00,17:00,21.45,Eficiencia Energética,E,0,2,21.45,5,30,
21,Martes,15:00,17:30,93.95,Física Ingreso (Anual),CPA-B,0,28,93.95,2,30,
21,Lunes,10:00,13:00,93.90,Física Ingreso (Cuatrimestral),IPC-G,25,25,93.90,1,30,
21,Miércoles,8:00,10:00,93.90,Física Ingreso (Cuatrimestral),IPC-G,25,25,93.90,3,30,
21,Jueves,8:00,10:00,93.90,Física Ingreso (Cuatrimestral),IPC-G,25,25,93.90,4,30,
21,Lunes,13:00,17:00,93.51,Mecanica General,A,24,21,93.51,1,30,
21,Jueves,15:00,17:00,93.51,Mecanica General,A,24,21,93.51,4,30,
21,Miércoles,14:00,18:00,93.51,Mecanica General,B,24,23,93.51,3,30,
22,Miércoles,13:00,16:00,22.28,Electronica de Potencia,K,0,3,22.28,3,30,
22,Martes,14:00,16:00,22.02,Electrotecnia I,K,0,23,22.02,2,30,
22,Martes,16:30,18:30,22.02,Electrotecnia I,K,0,23,22.02,2,30,
22,Viernes,8:00,13:00,22.02,Electrotecnia I,K,0,23,22.02,5,30,
22,Jueves,19:00,22:00,12.12,Operaciones Unitarias II,Q,0,22,12.12,4,30,
22,Jueves,16:00,18:00,93.44,Fisica IV,K,28,29,93.44,4,30,
22,Lunes,19:00,22:00,10.04,Plantas Industriales,A,25,30,10.04,1,30,
22,Miércoles,19:00,22:00,22.31,Diseño de Equipos Electronicos  (Anual),K,0,13,22.31,3,30,
22,Lunes,16:00,19:00,12.47,Control de Procesos/Laboratorio de Control de Procesos,A,0,7,12.47,1,30,
22,Martes,19:00,22:00,22.31,Diseño de Equipos Electronicos  (Anual),K,0,8,22.31,2,30,
22,Jueves,10:00,13:00,72.33,Programacion Orientada a Objetos,S,0,26,72.33,4,30,
22,Miércoles,11:00,13:00,93.03,Matematica III,MN,25,23,93.03,3,30,
22,Martes,11:00,14:00,71.88,Gestion de Datos,B,20,17,71.88,2,30,
22,Miércoles,16:00,19:00,72.44,Criptografia y Seguridad,S,0,17,72.44,3,30,
22,Lunes,11:00,13:00,93.41,Fisica I,C,25,22,93.41,1,30,
22,Lunes,8:00,10:00,93.18,Algebra Lineal,F,8,20,93.18,1,30,
23,Lunes,9:00,11:00,12.02,Quimica II,B,22,15,12.02,1,28,
23,Jueves,16:00,19:00,94.27,Administración Recursos Humanos,A,12,18,94.27,4,28,
23,Martes,13:00,15:00,93.41,Fisica I,E,25,23,93.41,2,28,
23,Viernes,10:00,14:00,93.41,Fisica I,F,25,10,93.41,5,28,
23,Martes,11:00,13:00,93.03,Matematica III,K,25,26,93.03,2,28,
23,Jueves,11:00,13:00,93.03,Matematica III,K,25,26,93.03,4,28,
23,Lunes,11:00,13:00,93.42,Fisica II,K,25,19,93.42,1,28,
23,Jueves,19:00,22:00,11.86,Investigación de Operaciones I,B,25,26,11.86,4,28,
23,Martes,15:00,18:00,93.38,Matematica V,M,0,16,93.38,2,28,
23,Miércoles,12:00,15:00,16.01,Biología Molecular y Celular,BIO,0,7,16.01,3,28,
23,Lunes,19:00,22:00,10.04,Plantas Industriales,B,25,24,10.04,1,28,
23,Miércoles,10:00,12:00,22.08,Algoritmos y Estructura de Datos,K,0,11,22.08,3,28,
23,Miércoles,19:00,22:00,12.11,Operaciones Unitarias I,Q,0,17,12.11,3,28,
23,Miércoles,15:00,18:00,12.20,Quimica-fisica,Q,0,20,12.20,3,28,
23,Martes,19:00,22:00,22.12,Electronica II,K,0,8,22.12,2,28,
23,Lunes,15:00,18:00,30.09,Motores de Combustión Interna I B,M,0,14,30.09,1,28,
25,Viernes,14:00,16:00,12.50,Química Ingreso (Cuatrimestral),IPC-F,0,33,12.50,5,56,
25,Viernes,10:00,11:30,93.85,Matemática Ingreso (Anual),CPA-C,0,32,93.85,5,56,
25,Viernes,16:00,17:30,12.55,Química Ingreso (Anual),CPA-C,0,32,12.55,5,56,
25,Lunes,16:00,19:00,61.31,Derecho para Ingenieros,AM,25,25,61.31,1,56,
25,Martes,19:00,22:00,11.87,Investigación de Operaciones II,A,0,14,11.87,2,56,
25,Lunes,19:00,22:00,11.89,Formulación y Evaluación de Proyectos,A,25,54,11.89,1,56,
25,Miércoles,19:00,22:00,11.76,Gestión de la Calidad,A,25,29,11.76,3,56,
25,Jueves,19:00,22:00,11.86,Investigación de Operaciones I,A,25,30,11.86,4,56,
25,Jueves,16:00,19:00,11.79,Sistemas y Modelos,A,25,29,11.79,4,56,
25,Martes,16:00,19:00,30.02,Máquinas Térmicas,INGLES,25,23,30.02,2,56,
25,Lunes,13:00,16:00,31.22,Mecanica de Fluidos,B,30,47,31.22,1,56,
25,Miércoles,14:00,16:00,93.42,Fisica II,S,25,40,93.42,3,56,
25,Lunes,11:00,13:00,12.02,Quimica II,D,22,19,12.02,1,56,
25,Jueves,8:00,10:00,12.02,Quimica II,E,22,26,12.02,4,56,
25,Martes,10:00,12:00,12.02,Quimica II,F,18,31,12.02,2,56,
25,Martes,14:00,16:00,93.02,Matematica II,C,25,26,93.02,2,56,
25,Lunes,9:00,11:00,93.02,Matematica II,D,25,36,93.02,1,56,
25,Miércoles,12:00,14:00,93.28,Analisis Matematico II,S,0,28,93.28,3,56,
25,Miércoles,8:00,10:00,93.26,Analisis Matematico I,S,0,51,93.26,3,56,
25,Viernes,8:00,10:00,12.02,Quimica II,A,22,29,12.02,5,56,
25,Jueves,10:00,12:00,93.18,Algebra Lineal,D,1,26,93.18,4,56,
25,Viernes,12:00,14:00,12.01,Quimica I,C,18,34,12.01,5,56,
25,Jueves,14:00,16:00,93.18,Algebra Lineal,A,8,20,93.18,4,56,
25,Miércoles,10:00,12:00,93.17,Matematica I,E,1,29,93.17,3,56,
25,Martes,8:00,10:00,12.01,Quimica I,A,18,32,12.01,2,56,
25,Martes,12:00,14:00,12.01,Quimica I,D,1,32,12.01,2,56,
26,Lunes,11:00,13:00,12.01,Quimica I,F,18,33,12.01,1,56,
26,Miércoles,13:00,15:00,12.01,Quimica I,F,18,33,12.01,3,56,
26,Jueves,8:00,10:00,12.01,Quimica I,A,18,32,12.01,4,56,
26,Jueves,10:00,12:00,12.01,Quimica I,B,18,28,12.01,4,56,
26,Viernes,11:00,13:00,12.01,Quimica I,B,18,28,12.01,5,56,
26,Lunes,13:00,15:00,12.01,Quimica I,C,18,34,12.01,1,56,
26,Martes,19:00,22:00,10.06,Taller de Transición 2 ( Tecnologías y Procesos de Producción),A,25,59,10.06,2,56,
26,Lunes,8:00,10:00,93.17,Matematica I,D,1,28,93.17,1,56,
26,Viernes,13:00,16:00,94.21,Formacion General I,B,1,39,94.21,5,56,
26,Jueves,12:00,14:00,12.02,Quimica II,F,18,31,12.02,4,56,
26,Viernes,16:00,18:00,93.41,Fisica I,C,25,22,93.41,5,56,
26,Miércoles,8:00,10:00,12.02,Quimica II,A,22,29,12.02,3,56,
26,Martes,8:00,10:00,12.02,Quimica II,E,22,26,12.02,2,56,
26,Viernes,8:00,10:00,12.02,Quimica II,D,22,19,12.02,5,56,
26,Martes,11:00,13:00,12.02,Quimica II,C,22,21,12.02,2,56,
26,Jueves,14:00,16:00,12.32,Quimica Organica I,Q,0,18,12.32,4,56,
26,Miércoles,15:00,18:00,31.17,Estatica y Resist. de Mat.,B,25,52,31.17,3,56,
26,Jueves,16:00,19:00,11.79,Sistemas y Modelos,B,25,31,11.79,4,56,
26,Jueves,19:00,22:00,11.59,Logistica,B,25,30,11.59,4,56,
26,Miércoles,19:00,22:00,11.76,Gestión de la Calidad,B,25,19,11.76,3,56,
26,Lunes,19:00,22:00,11.89,Formulación y Evaluación de Proyectos,B,25,35,11.89,1,56,
26,Lunes,15:00,18:00,94.10,Formacion para Emprendedores,L,0,34,94.10,1,56,
26,Miércoles,10:00,12:30,12.55,Química Ingreso (Anual),CPA-A,0,32,12.55,3,56,
26,Martes,17:00,19:00,93.22,Prob.y Estadistica(i/m/q),Q,25,35,93.22,2,56,
26,Martes,13:00,17:00,93.65,Matemática IV,Q,25,47,93.65,2,56,
29,Miércoles,16:00,20:00,93.43,Fisica III,B,25,35,93.43,3,46,
29,Lunes,12:00,14:00,93.65,Matemática IV,B,25,45,93.65,1,46,
29,Martes,11:00,13:00,12.33,Quimica Organica II,Q,0,26,12.33,2,46,
29,Jueves,11:00,13:00,12.33,Quimica Organica II,Q,0,26,12.33,4,46,
29,Miércoles,14:00,16:00,93.65,Matemática IV,B,25,45,93.65,3,46,
29,Viernes,9:00,12:00,93.07,Metodos Numericos,A,25,40,93.07,5,46,
29,Lunes,9:00,12:00,12.50,Química Ingreso (Cuatrimestral),IPC-D,0,39,12.50,1,46,
29,Jueves,13:00,14:30,93.85,Matemática Ingreso (Anual),CPA-C,0,32,93.85,4,46,
29,Martes,13:00,15:00,72.31,Programacion Imperativa,S,0,34,72.31,2,46,
29,Lunes,14:00,16:00,93.51,Mecanica General,B,24,23,93.51,1,46,
29,Martes,19:00,22:00,11.63,Simulacion,A,25,41,11.63,2,46,
29,Jueves,15:00,18:00,11.39,Marketing,A,25,45,11.39,4,46,
29,Viernes,18:00,21:00,11.39,Marketing,B,25,33,11.39,5,46,
29,Jueves,18:00,21:00,94.23,Formacion General III,KMP,25,24,94.23,4,46,
29,Jueves,8:00,10:00,12.34,Quimica Organica para Petroleo,P,0,24,12.34,4,46,
29,Viernes,12:00,14:00,12.34,Quimica Organica para Petroleo,P,0,24,12.34,5,46,
29,Viernes,15:00,18:00,11.39,Marketing,C,25,22,11.39,5,46,
29,Martes,9:00,11:00,12.32,Quimica Organica I,Q,0,18,12.32,2,46,
29,Martes,15:00,19:00,93.41,Fisica I,D,25,27,93.41,2,46,
29,Miércoles,12:00,14:00,93.02,Matematica II,C,25,26,93.02,3,46,
29,Miércoles,8:00,10:00,93.17,Matematica I,D,1,28,93.17,3,46,
29,Miércoles,10:00,12:00,93.18,Algebra Lineal,D,1,26,93.18,3,46,
30,Martes,8:00,10:00,93.18,Algebra Lineal,E,1,28,93.18,2,46,
30,Martes,10:00,12:00,93.18,Algebra Lineal,F,8,20,93.18,2,46,
30,Viernes,12:00,14:00,93.17,Matematica I,D,1,28,93.17,5,46,
30,Viernes,8:00,10:00,93.17,Matematica I,B,17,35,93.17,5,46,
30,Viernes,10:00,12:00,12.02,Quimica II,C,22,21,12.02,5,46,
30,Jueves,14:00,18:00,93.41,Fisica I,K,25,38,93.41,4,46,
30,Martes,15:00,18:00,14.11,Responsabilidad Social Empresaria,A,12,38,14.11,2,46,
30,Lunes,12:00,15:00,21.09,Máquinas Eléctricas,A,25,39,21.09,1,46,
30,Martes,19:00,22:00,11.63,Simulacion,B,25,33,11.63,2,46,
30,Jueves,8:00,11:00,21.08,Electrotecnia,MQ,0,43,21.08,4,46,
30,Miércoles,8:00,12:00,93.44,Fisica IV,K,28,29,93.44,3,46,
30,Jueves,18:30,21:30,81.56,Arquitectura de la Tecnologia Informática,AB,0,40,81.56,4,46,
30,Miércoles,18:00,20:30,93.90,Física Ingreso (Cuatrimestral),IPC-I,0,26,93.90,3,46,
30,Miércoles,14:00,15:00,93.90,Física Ingreso (Cuatrimestral),IPC-A,0,38,93.90,3,46,
30,Miércoles,12:00,14:00,93.90,Física Ingreso (Cuatrimestral),IPC-D,0,38,93.90,3,46,
30,Lunes,9:00,10:00,93.90,Física Ingreso (Cuatrimestral),IPC-B,0,34,93.90,1,46,
30,Jueves,11:00,14:00,99.05,Comunicación para Ing. (Cuatrimestral),IPC-I,0,25,99.05,4,46,
30,Lunes,15:00,18:00,99.05,Comunicación para Ing. (Cuatrimestral),IPC-B,0,33,99.05,1,46,
30,Martes,12:00,14:00,93.65,Matemática IV,B,25,45,93.65,2,46,
30,Lunes,10:00,12:00,93.80,Matemática Ingreso (Cuatrimestral),IPC-B,0,36,93.80,1,46,
30,Miércoles,15:00,18:00,93.80,Matemática Ingreso (Cuatrimestral),IPC-A,0,40,93.80,3,46,
31,Viernes,11:00,15:00,93.43,Fisica III,Q,25,50,93.43,5,72,
31,Jueves,14:00,17:00,99.05,Comunicación para Ing. (Cuatrimestral),IPC-H,0,27,99.05,4,72,
31,Martes,16:00,18:00,99.07,Comunicación para Ing. (Anual),CPA-D,0,30,99.07,2,72,
31,Viernes,15:00,18:00,81.41,Estrategia Empresaria,AB,0,52,81.41,5,72,
31,Lunes,16:00,19:00,94.29,Formacion para Emprendedores,A ( EN INGLES ),25,27,94.29,1,72,
31,Jueves,17:00,20:00,22.10,Electronica e Instrumentacion,B,25,38,22.10,4,72,
31,Miércoles,19:00,22:00,30.01,Mecánica y Mecanismos,A,50,50,30.01,3,72,
31,Martes,11:00,14:00,11.77,Estadística Aplicada I,A,25,41,11.77,2,72,
31,Miércoles,15:00,18:00,31.04,Elementos de Maquinas,M,0,34,31.04,3,72,
31,Viernes,18:00,21:00,31.04,Elementos de Maquinas,M,0,34,31.04,5,72,
31,Martes,19:00,22:00,72.07,Protocolos de Comunicacion,S,0,17,72.07,2,72,
31,Jueves,10:00,14:00,93.03,Matematica III,Q,25,50,93.03,4,72,
31,Martes,14:00,16:00,93.26,Analisis Matematico I,S,0,51,93.26,2,72,
31,Lunes,10:00,12:00,93.17,Matematica I,C,17,36,93.17,1,72,
31,Viernes,8:00,10:00,93.17,Matematica I,C,17,36,93.17,5,72,
31,Lunes,12:00,14:00,93.18,Algebra Lineal,B,8,30,93.18,1,72,
31,Miércoles,10:00,12:00,93.18,Algebra Lineal,B,8,30,93.18,3,72,
31,Jueves,8:00,10:00,93.18,Algebra Lineal,E,1,28,93.18,4,72,
31,Lunes,8:00,10:00,93.18,Algebra Lineal,C,8,33,93.18,1,72,
31,Miércoles,12:00,14:00,12.01,Quimica I,E,1,29,12.01,3,72,
31,Lunes,14:00,16:00,93.17,Matematica I,B,17,35,93.17,1,72,
31,Miércoles,8:00,10:00,93.17,Matematica I,B,17,35,93.17,3,72,
32,Lunes,12:00,14:00,93.17,Matematica I,A,17,23,93.17,1,84,
32,Miércoles,10:00,12:00,93.17,Matematica I,A,17,23,93.17,3,84,
32,Viernes,12:00,14:00,93.18,Algebra Lineal,E,1,28,93.18,5,84,
32,Viernes,10:00,12:00,93.17,Matematica I,E,1,29,93.17,5,84,
32,Viernes,8:00,10:00,93.26,Analisis Matematico I,S,0,51,93.26,5,84,
32,Miércoles,8:00,10:00,12.02,Quimica II,B,22,15,12.02,3,84,
32,Viernes,14:00,16:00,93.02,Matematica II,C,25,26,93.02,5,84,
32,Lunes,8:00,12:00,93.03,Matematica III,A,25,57,93.03,1,84,
32,Martes,15:30,17:30,93.03,Matematica III,A,25,57,93.03,2,84,
32,Miércoles,12:00,14:00,93.42,Fisica II,C,25,31,93.42,3,84,
32,Miércoles,15:00,18:00,30.02,Máquinas Térmicas,ESPAÑOL,25,60,30.02,3,84,
33,Miércoles,19:00,22:00,30.01,Mecánica y Mecanismos,B,50,27,30.01,3,40,
32,Martes,12:00,15:00,22.10,Electronica e Instrumentacion,A,25,46,22.10,2,84,
32,Jueves,17:00,20:00,22.10,Electronica e Instrumentacion,A,25,46,22.10,4,84,
32,Martes,12:00,15:00,22.10,Electronica e Instrumentacion,B,25,38,22.10,2,84,
32,Jueves,10:00,13:00,94.29,Formacion para Emprendedores,K,25,88,94.29,4,84,
32,Martes,19:00,22:00,11.59,Logistica,A,25,35,11.59,2,84,
32,Lunes,14:00,17:00,61.82,Macroeconomia,B,20,41,61.82,1,84,
32,Jueves,14:00,17:00,61.90,Derecho Publico y Privado,LB,40,53,61.90,4,84,
32,Viernes,18:00,21:00,30.01,Mecánica y Mecanismos,C,30,32,30.01,5,84,
33,Jueves,19:00,22:00,12.84,Introduccion a la Ingenieria Ambiental,Q,0,37,12.84,4,40,
33,Viernes,14:00,16:00,12.50,Química Ingreso (Cuatrimestral),IPC-H,0,31,12.50,5,40,
33,Jueves,17:00,19:00,12.50,Química Ingreso (Cuatrimestral),IPC-I,0,27,12.50,4,40,
33,Lunes,13:00,14:00,93.90,Física Ingreso (Cuatrimestral),IPC-D,0,38,93.90,1,40,
33,Martes,13:00,15:00,93.90,Física Ingreso (Cuatrimestral),IPC-D,0,38,93.90,2,40,
33,Jueves,14:00,16:00,93.80,Matemática Ingreso (Cuatrimestral),IPC-D,0,37,93.80,4,40,
33,Martes,10:00,12:00,93.80,Matemática Ingreso (Cuatrimestral),IPC-D,0,37,93.80,2,40,
33,Viernes,8:00,10:00,93.80,Matemática Ingreso (Cuatrimestral),IPC-H,0,32,93.80,5,40,
33,Viernes,11:00,14:00,93.80,Matemática Ingreso (Cuatrimestral),IPC-H,0,32,93.80,5,40,
33,Miércoles,8:00,11:00,93.80,Matemática Ingreso (Cuatrimestral),IPC-I,0,27,93.80,3,40,
33,Martes,15:00,18:00,99.05,Comunicación para Ing. (Cuatrimestral),IPC-C,0,28,99.05,2,40,
33,Lunes,16:00,19:00,94.29,Formacion para Emprendedores,B ( EN INGLES ),25,30,94.29,1,40,
33,Miércoles,15:00,18:00,31.19,Estatica y Resistencia de Materiales,PQ,0,39,31.19,3,40,
33,Jueves,8:00,9:30,12.10,Introduccion a la Ingenieria Quimica,Q,0,22,12.10,4,40,
33,Miércoles,11:00,14:00,31.17,Estatica y Resist. de Mat.,C,25,22,31.17,3,40,
33,Lunes,8:00,11:00,94.24,Metodologia del Aprendizaje,A,25,19,94.24,1,40,
33,Lunes,14:00,16:00,93.18,Algebra Lineal,A,8,20,93.18,1,40,
33,Jueves,11:00,13:00,93.18,Algebra Lineal,C,8,33,93.18,4,40,
8,Jueves,8:00,10:00,93.18,Algebra Lineal,K,8,15,93.18,4,36,
8,Martes,15:00,18:00,31.36,Metalurgia Fisica I,Q,30,24,31.36,2,36,
8,Miércoles,16:00,18:00,93.95,Física Ingreso (Anual),CPA-D,0,29,93.95,3,36,
8,Miércoles,18:00,21:00,81.99,Taller de Transición 1 (Sistemas de Información),B,0,32,81.99,3,36,
8,Viernes,8:00,10:00,93.85,Matemática Ingreso (Anual),CPA-D,0,29,93.85,5,36,
8,Martes,13:00,14:30,93.85,Matemática Ingreso (Anual),CPA-D,0,29,93.85,2,36,
8,Miércoles,10:30,12:00,93.95,Física Ingreso (Anual),CPA-C,0,32,93.95,3,36,
8,Jueves,15:00,17:00,93.80,Matemática Ingreso (Cuatrimestral),IPC-I,0,27,93.80,4,36,
8,Jueves,10:00,14:00,93.80,Matemática Ingreso (Cuatrimestral),IPC-E,0,32,93.80,4,36,
8,Lunes,12:00,17:00,93.80,Matemática Ingreso (Cuatrimestral),IPC-E,0,32,93.80,1,36,
33,Martes,18:00,20:30,93.90,Física Ingreso (Cuatrimestral),IPC-I,0,26,93.90,2,40,
8,Lunes,9:00,12:00,12.50,Química Ingreso (Cuatrimestral),IPC-E,0,32,12.50,1,36,
8,Miércoles,13:00,16:00,99.05,Comunicación para Ing. (Cuatrimestral),IPC-E,0,31,99.05,3,36,
,Lunes,8:00,8:00,41.97,Trabajo de Investigacion Dirigido en Petroleo,P,0,1,41.97,1,,
,Lunes,8:00,8:00,12.29,Modelado Matemático en Ingeniería Química,Q,0,7,12.29,1,,
Hospital Italiano,Lunes,14:00,17:00,16.02,Histología y Anatomía,BIO,0,16,16.02,1,,
Hospital Italiano,Miércoles,14:00,17:00,16.02,Histología y Anatomía,BIO,0,16,16.02,3,,
Lab A,Martes,19:00,22:00,11.63,Simulacion,A,25,41,11.63,2,46,
Lab A,Jueves,19:00,22:00,11.86,Investigación de Operaciones I,A,25,30,11.86,4,46,
Lab A,Jueves,19:00,22:00,11.86,Investigación de Operaciones I,B,25,26,11.86,4,46,
Lab A,Martes,19:00,22:00,11.87,Investigación de Operaciones II,A,0,14,11.87,2,46,
Lab A,Miércoles,18:00,22:00,12.85,Diseño Conceptual de Procesos,Q,0,21,12.85,3,46,
Lab A,Jueves,14:00,17:00,93.66,Métodos Numéricos (M),M,0,17,93.66,4,46,
Lab A,Viernes,15:00,18:00,71.55,Informatica General,A,25,17,71.55,5,46,
Lab A,Lunes,17:00,20:00,71.55,Informatica General,B,25,9,71.55,1,46,
Lab A,Lunes,8:00,11:00,71.55,Informatica General,C,25,14,71.55,1,46,
Lab A,Viernes,8:00,11:00,71.55,Informatica General,D,1,31,71.55,5,46,
Lab A,Lunes,14:00,17:00,71.55,Informatica General,E,1,34,71.55,1,46,
Lab A,Lunes,11:00,14:00,71.55,Informatica General,F,25,15,71.55,1,46,
Lab A,Martes,14:00,17:00,31.08,Sistemas de Representacion,D,1,28,31.08,2,46,
Lab A,Miércoles,8:00,11:00,31.08,Sistemas de Representacion,K,4,16,31.08,3,46,
Lab A,Miércoles,11:00,14:00,31.08,Sistemas de Representacion,S,4,35,31.08,3,46,
Lab A,Martes,11:00,14:00,31.08,Sistemas de Representacion,A,4,16,31.08,2,46,
Lab A,Martes,8:00,11:00,31.08,Sistemas de Representacion,B,4,26,31.08,2,46,
Lab A,Miércoles,15:00,18:00,71.85,Programacion,A,0,22,71.85,3,46,
Lab A,Jueves,9:00,12:00,31.20,Diseño Mecanico,MN,0,29,31.20,4,46,
Lab A,Viernes,12:00,15:00,71.56,Programacion Basica,D,25,20,71.56,5,46,
Lab C,Viernes,8:00,11:00,71.56,Programacion Basica,B,25,29,71.56,5,48,
Lab C,Jueves,18:00,21:00,71.88,Gestion de Datos,B,20,17,71.88,4,48,
Lab C,Martes,15:00,18:00,61.12,Gestion Financiera,B,25,29,61.12,2,48,
Lab C,Miércoles,8:00,11:00,71.57,Introduccion a la Programacion,MN,0,23,71.57,3,48,
Lab C,Jueves,14:00,17:00,31.08,Sistemas de Representacion,C,4,25,31.08,4,48,
Lab C,Jueves,11:00,14:00,31.08,Sistemas de Representacion,E,1,25,31.08,4,48,
Lab C,Jueves,8:00,11:00,31.08,Sistemas de Representacion,F,4,19,31.08,4,48,
Lab C,Lunes,18:00,21:00,81.39,Sistemas Integrados de Gestion Empresaria I,AB,0,53,81.39,1,48,
Lab C,Miércoles,18:00,21:00,81.39,Sistemas Integrados de Gestion Empresaria I,AB,0,53,81.39,3,48,
Lab C,Martes,19:00,22:00,11.63,Simulacion,B,25,33,11.63,2,48,
Lab C,Viernes,12:00,15:00,71.56,Programacion Basica,E,25,21,71.56,5,48,
Lab C,Miércoles,12:00,15:00,61.50,Finanzas de la Empresa,A,25,42,61.50,3,48,
Lab C,Lunes,8:00,11:00,71.56,Programacion Basica,C,25,37,71.56,1,48,
Lab C,Miércoles,15:00,18:00,71.56,Programacion Basica,A,25,19,71.56,3,48,
Lab C,Lunes,15:00,18:00,71.44,Estructura de Datos y Programación,BIO,0,7,71.44,1,48,
Lab Eléctrica,Jueves,18:00,20:00,21.08,Electrotecnia,MQ,0,43,21.08,4,,
Lab Eléctrica,Viernes,8:00,13:00,22.02,Electrotecnia I,K,0,23,22.02,5,,
Lab Eléctrica,Miércoles,20:00,22:00,21.08,Electrotecnia,MQ,0,43,21.08,3,,
Lab Eléctrica,Lunes,17:00,20:00,21.79,Electrotecnia II,E,0,7,21.79,1,,
Lab Eléctrica,Martes,18:00,20:00,21.06,Electrotecnia,A,28,38,21.06,2,,
Lab Eléctrica,Martes,20:00,22:00,21.06,Electrotecnia,BP,28,20,21.06,2,,
Lab Eléctrica A,Lunes,18:00,20:00,21.09,Máquinas Eléctricas,A,25,39,21.09,1,,
Lab Eléctrica A,Lunes,16:00,18:00,21.09,Máquinas Eléctricas,B,25,9,21.09,1,,
Lab Eléctrica A,Lunes,20:00,22:00,21.09,Máquinas Eléctricas,C,25,18,21.09,1,,
Lab Eléctrica B,Lunes,14:00,17:00,21.81,Maquinas Electricas II,EK,0,7,21.81,1,,
Lab Electrónica,Lunes,14:30,16:30,22.54,Electronica Industrial,M,0,10,22.54,1,,
Lab Física,Lunes,17:00,19:00,93.41,Fisica I,C,25,22,93.41,1,,
Lab Física,Martes,17:00,19:00,93.41,Fisica I,A,25,41,93.41,2,,
Lab Física,Martes,11:00,13:00,93.53,Fisica II (Quimicos),Q,0,18,93.53,2,,
Lab Física,Lunes,13:00,15:00,93.42,Fisica II,B,25,24,93.42,1,,
Lab Física,Jueves,12:00,14:00,93.42,Fisica II,S,25,40,93.42,4,,
Lab Física,Martes,13:00,15:00,93.42,Fisica II,K,25,19,93.42,2,,
Lab Física,Lunes,15:00,17:00,93.42,Fisica II,C,25,31,93.42,1,,
Lab Física,Lunes,11:00,13:00,93.42,Fisica II,MN,25,49,93.42,1,,
Lab Física,Martes,9:00,11:00,93.42,Fisica II,A,25,53,93.42,2,,
Lab Física,Viernes,8:00,10:00,93.41,Fisica I,S,28,31,93.41,5,,
Lab Física,Miércoles,16:00,18:00,93.41,Fisica I,D,25,27,93.41,3,,
Lab Física,Lunes,8:00,10:00,93.41,Fisica I,K,25,38,93.41,1,,
Lab Física,Jueves,8:00,10:00,93.41,Fisica I,F,25,10,93.41,4,,
Lab Física,Martes,15:00,17:00,93.41,Fisica I,E,25,23,93.41,2,,
Lab Física,Jueves,14:00,16:00,93.43,Fisica III,MPN,25,51,93.43,4,,
Lab Física,Miércoles,14:00,16:00,93.43,Fisica III,Q,25,50,93.43,3,,
Lab Física,Viernes,14:00,16:00,93.43,Fisica III,S,25,48,93.43,5,,
Lab Física,Jueves,16:00,18:00,93.43,Fisica III,B,25,35,93.43,4,,
Lab Física,Viernes,16:00,18:00,93.43,Fisica III,A,25,37,93.43,5,,
Lab Informática Li-1,Lunes,19:00,22:00,72.44,Criptografia y Seguridad,S,0,17,72.44,1,,
Lab Informática Li-1,Viernes,19:00,22:00,72.45,Proyecto Final  (Anual),S,0,4,72.45,5,,
Lab Informática Li-1,Viernes,19:00,22:00,72.45,Proyecto Final  (Anual),S,0,15,72.45,5,,
Lab Informática Li-1 y Li-2,Lunes,16:00,19:00,72.11,Sistemas Operativos,S,0,21,72.11,1,,
Lab Informática Li-1 y Li-2,Martes,15:00,17:00,72.31,Programacion Imperativa,S,0,34,72.31,2,,
Lab Informática Li-1 y Li-2,Lunes,8:00,11:00,72.03,Introduccion a la Informatica,S,0,34,72.03,1,,
Lab Informática Li-1 y Li-2,Miércoles,16:00,19:00,72.08,Arquitecturas de Computadoras,S,0,20,72.08,3,,
Lab Informática Li-1 y Li-2,Martes,18:00,21:00,72.33,Programacion Orientada a Objetos,S,0,26,72.33,2,,
Lab Informática Li-1 y Li-2,Miércoles,19:00,22:00,72.20,Redes de Informacion,S,0,21,72.20,3,,
Lab Informática Li-2,Lunes,19:00,22:00,72.38,Proyecto de Aplicaciones Web,S,0,12,72.38,1,,
Lab Informática Li-2,Jueves,19:00,22:00,72.38,Proyecto de Aplicaciones Web,S,0,12,72.38,4,,
Lab Informática Li-3,Martes,15:00,18:00,72.25,Simulacion de Sistemas,S,0,5,72.25,2,,
Lab Informática Li-3,Jueves,19:00,22:00,72.25,Simulacion de Sistemas,S,0,5,72.25,4,,
Lab Informática Li-3,Lunes,15:00,18:00,72.27,Sistemas de Inteligencia Artificial,S,0,22,72.27,1,,
Lab Informática Li-3,Martes,19:00,22:00,72.27,Sistemas de Inteligencia Artificial,S,0,22,72.27,2,,
Lab Informática Li-3,Miércoles,16:00,19:00,72.72,Analisis y Verificación de Modelos y Códigos,S,0,6,72.72,3,,
Lab Informática Li-3 y Li-4,Jueves,14:00,17:00,72.37,Base de Datos I,S,0,24,72.37,4,,
Lab Informatica Li-4,Lunes,16:00,19:00,72.66,Sistemas Embebidos,S,0,5,72.66,1,,
Lab Informática Li-4,Lunes,13:00,16:00,72.60,Programacion Funcional,S,15,13,72.60,1,,
Lab Informática Li-4,Miércoles,19:00,22:00,72.07,Protocolos de Comunicacion,S,0,17,72.07,3,,
Lab Informática Li-4,Jueves,19:00,22:00,72.40,Ingenieria de Software II,S,0,16,72.40,4,,
Lab Informática Li-4,Miércoles,16:00,19:00,72.35,Ingenieria de Software I,S,0,11,72.35,3,,
Lab Informática Li-4,Lunes,19:00,22:00,72.36,Interaccion Hombre-computadora (HCI),S,0,10,72.36,1,,
Lab Informática Li-4,Martes,18:00,22:00,72.34,Estructura de Datos y Algoritmos,S,0,23,72.34,2,,
Lab Informática Li-VJ,Lunes,15:30,18:30,72.81,Simulación y Animación de Sistemas Multipárticulas,S,0,2,72.81,1,,
Lab Informática Li-VJ,Jueves,19:00,22:00,72.65,Desarrollo de Videojuegos 2D en iPhone OS,S,10,11,72.65,4,,
Lab Informática Li-VJ,Jueves,15:00,18:00,72.52,Análisis y Tratamiento de Imágenes,S,18,4,72.52,4,,
Lab Informática Li-VJ,Martes,18:00,21:00,72.71,Integración de Sistemas de Información,INGLES,0,11,72.71,2,,
Lab Informática Li-VJ,Miércoles,15:00,18:00,72.73,Aprendizaje por Refuerzo en Robótica,S,0,2,72.73,3,,
Lab Mecánica,Martes,15:00,18:00,31.88,Proyecto Automotor  (Anual),M,0,8,31.88,2,,
Lab Multimedia,Martes,18:00,21:00,72.66,Sistemas Embebidos,S,0,5,72.66,2,,
Lab Quimica A,Miércoles,12:00,15:00,12.20,Quimica-fisica,Q,0,20,12.20,3,,
Lab Química A,Viernes,15:00,18:00,12.19,Quimica Analitica,Q,0,25,12.19,5,,
Lab Química A,Jueves,17:00,20:00,12.08,Bioquimica y Microbiologia,Q,0,19,12.08,4,,
Lab Química A,Miércoles,8:00,11:00,12.95,Trabajo de Laboratorio de Quimica,QA,0,5,12.95,3,,
Lab Química A,Miércoles,17:00,18:00,12.96,Trabajo Supervisado,Q,0,14,12.96,3,,
Lab Química A,Lunes,14:00,17:00,12.34,Quimica Organica para Petroleo,P,0,24,12.34,1,,
Lab Química A,Viernes,11:00,14:00,12.32,Quimica Organica I,Q,0,18,12.32,5,,
Lab Química A,Martes,14:00,17:00,12.02,Quimica II,B,22,15,12.02,2,,
Lab Química A,Jueves,14:00,17:00,12.02,Quimica II,D,22,19,12.02,4,,
Lab Química A,Jueves,11:00,14:00,12.01,Quimica I,F,18,33,12.01,4,,
Lab Química A,Lunes,8:00,11:00,12.01,Quimica I,A,18,32,12.01,1,,
Lab Química A,Martes,8:00,11:00,12.01,Quimica I,D,1,32,12.01,2,,
Lab Química A,Martes,11:00,14:00,12.01,Quimica I,B,18,28,12.01,2,,
Lab Química A,Viernes,8:00,11:00,12.33,Quimica Organica II,Q,0,26,12.33,5,,
Lab Química B,Martes,11:00,14:00,12.01,Quimica I,C,18,34,12.01,2,,
Lab Química B,Lunes,8:00,11:00,12.01,Quimica I,E,1,29,12.01,1,,
Lab Química B,Jueves,14:00,17:00,12.02,Quimica II,E,22,26,12.02,4,,
Lab Química B,Martes,14:00,17:00,12.02,Quimica II,F,18,31,12.02,2,,
Lab Química B,Jueves,11:00,14:00,12.02,Quimica II,C,22,21,12.02,4,,
Lab Química B,Martes,8:00,11:00,12.02,Quimica II,A,22,29,12.02,2,,
Lab Química C,Lunes,8:00,11:00,12.95,Trabajo de Laboratorio de Quimica,QB,0,13,12.95,1,,
Lab Química C,Martes,14:00,17:00,12.47,Control de Procesos/Laboratorio de Control de Procesos,A,0,7,12.47,2,,
Lab Simulación,Lunes,18:00,21:00,41.16,Analisis de Transientes de Presion,P,0,17,41.16,1,,
Lab Simulación,Martes,15:00,18:00,41.09,Ingenieria de Reservorios,P,0,19,41.09,2,,
Lab Simulación,Jueves,15:00,18:00,41.09,Ingenieria de Reservorios,P,0,19,41.09,4,,
Lab Simulación,Viernes,18:00,21:00,41.09,Ingenieria de Reservorios,P,0,19,41.09,5,,
Lab Simulación,Martes,18:00,21:00,41.04,Perforacion Petrolera II,P,0,26,41.04,2,,
Lab Simulación,Sábado,9:00,13:00,41.29,Geoestadistica,P,0,16,41.29,6,,
Lab Simulación,Jueves,18:00,21:00,41.35,Simulacion de Reservorios,P,0,22,41.35,4,,
Lab Universia,Miércoles,19:00,22:00,81.60,Sistemas Integrados de Gestion en la Ind de Serv,B,0,21,81.60,3,35,
Lab Universia,Viernes,19:00,22:00,81.60,Sistemas Integrados de Gestion en la Ind de Serv,B,0,21,81.60,5,35,
Lab Universia,Jueves,12:00,15:00,81.02,Introduccion a la Licenciatura en Adm y Sistemas,AB,0,30,81.02,4,35,
Lab Universia,Miércoles,11:00,14:00,71.80,Utilitarios en Informatica,LA,0,17,71.80,3,35,
Lab Universia,Viernes,8:00,11:00,71.80,Utilitarios en Informatica,LA,0,17,71.80,5,35,
Lab Universia,Lunes,8:00,11:00,71.80,Utilitarios en Informatica,LB,0,11,71.80,1,35,
Lab Universia,Miércoles,8:00,11:00,71.80,Utilitarios en Informatica,LB,0,11,71.80,3,35,
Lab Universia,Lunes,11:00,14:00,71.85,Programacion,A,0,22,71.85,1,35,
Lab Universia,Martes,14:30,17:30,81.30,Analisis y Modelado de Procesos de Negocios,B,25,9,81.30,2,35,
Lab Universia,Jueves,18:00,21:00,81.30,Analisis y Modelado de Procesos de Negocios,B,25,9,81.30,4,35,
Lab Universia,Lunes,14:00,17:00,71.57,Introduccion a la Programacion,MN,0,23,71.57,1,35,
Lab Universia,Jueves,15:00,18:00,71.44,Estructura de Datos y Programación,BIO,0,7,71.44,4,35,
Lab Universia,Lunes,19:00,22:00,12.27,Simulación de Procesos,Q,0,9,12.27,1,35,
Sede Algarrobo,Viernes,9:00,12:00,30.05,Manufactura,M,0,19,30.05,5,,
Sede Algarrobo,Jueves,12:30,15:30,30.09,Motores de Combustión Interna I B,M,0,14,30.09,4,,