"0","Martes","09:00","15:00","93.80","Matematica Ingreso (Cuatrimestral)","ICM-Catherine's Moorlands","0","22"
"0","Viernes","09:00","14:00","93.80","Matematica Ingreso (Cuatrimestral)","ICM-Catherine's Moorlands","0","22"
"0","Miercoles","08:00","11:00","93.80","Matematica Ingreso (Cuatrimestral)","IPM-San Isidro","0","35"
"0","Jueves","08:00","11:00","93.80","Matematica Ingreso (Cuatrimestral)","IPM-San Isidro","0","35"
"0","Viernes","08:00","13:00","93.80","Matematica Ingreso (Cuatrimestral)","IPM-San Isidro","0","35"
"0","Miercoles","09:00","14:00","93.90","Fisica Ingreso (Cuatrimestral)","ICM-Catherine's Moorlands","0","22"
"0","Lunes","08:00","13:00","93.90","Fisica Ingreso (Cuatrimestral)","IPM-San Isidro","0","37"
"0","Lunes","09:00","12:00","12.50","Quimica Ingreso (Cuatrimestral)","ICM-Catherine's Moorlands","0","21"
"0","Jueves","09:00","11:00","12.50","Quimica Ingreso (Cuatrimestral)","ICM-Catherine's Moorlands","0","21"
"0","Miercoles","11:00","13:30","12.50","Quimica Ingreso (Cuatrimestral)","IPM-San Isidro","0","35"
"0","Jueves","11:00","13:30","12.50","Quimica Ingreso (Cuatrimestral)","IPM-San Isidro","0","35"
"0","Martes","09:00","12:00","99.05","Comunicacion para Ing. (Cuatrimestral)","IPM-San Isidro","0","32"
"0","Jueves","11:00","14:00","99.05","Comunicacion para Ing. (Cuatrimestral)","ICM-Catherine's Moorlands","0","20"
"0V","Lunes","19:00","22:00","14.14","Introduccion a la Consultoria","A","25","6"
"0V","Miercoles","09:00","12:00","14.06","Proyecto y Dise혎 de una Planta Industrial","A","25","6"
"0V","Martes","14:00","17:00","14.36","Segmentacion de Clientes","A","20","15"
"0V","Martes","18:00","21:00","14.56","Ciudades Inteligentes","A","25","26"
"0V","Miercoles","18:00","21:00","14.56","Ciudades Inteligentes","A","25","26"
"0V","Lunes","18:00","22:00","14.46","Lean Manufacturing","A","12","16"
"0V","Martes","15:00","18:00","14.11","Responsabilidad Social Empresaria","A","12","38"
"0V","Martes","17:00","20:00","14.50","Analisis de Riesgos y Puntos Criticos de Control","INGLES","12","8"
"0V","Miercoles","19:00","22:00","14.42","Desarrollo Inmobiliario","A","12","25"
"0V","Viernes","18:00","21:00","14.05","Creatividad","A","12","28"
"10","Miercoles","13:00","15:00","93.03","Matematica III","K","25","26"
"10","Lunes","12:00","14:00","93.03","Matematica III","Q","25","50"
"10","Martes","12:00","15:00","21.06","Electrotecnia","A","28","38"
"10","Lunes","09:00","12:00","31.22","Mecanica de Fluidos","AP","30","57"
"10","Miercoles","15:00","18:00","31.22","Mecanica de Fluidos","AP","30","57"
"10","Miercoles","09:00","12:00","11.10","Organizacion de la Produccion I","A","25","31"
"10","Martes","19:00","22:00","11.19","Costos Industriales","A","25","13"
"10","Martes","15:00","18:00","11.20","Presupuesto y Control","A","25","28"
"10","Miercoles","19:00","22:00","11.16","Materiales y Procesos","A","25","41"
"10","Jueves","19:00","22:00","11.16","Materiales y Procesos","A","25","41"
"10","Viernes","16:00","19:00","94.23","Formacion General III","AB","25","53"
"10","Jueves","14:00","16:00","93.44","Fisica IV","A","28","39"
"10","Viernes","12:00","16:00","93.44","Fisica IV","A","28","39"
"10","Jueves","14:00","16:00","93.44","Fisica IV","BME","28","29"
"10","Viernes","08:00","12:00","93.44","Fisica IV","BME","28","29"
"10","Lunes","19:00","22:00","12.83","Seguridad Ocupacional y Ambiental","K","25","39"
"10","Lunes","17:00","18:00","93.80","Matematica Ingreso (Cuatrimestral)","IPC-F","0","33"
"10","Jueves","12:00","14:00","93.90","Fisica Ingreso (Cuatrimestral)","IPC-F","0","33"
"10","Lunes","14:00","17:00","93.80","Matematica Ingreso (Cuatrimestral)","IPC-D","0","34"
"10","Jueves","10:00","12:00","93.24","Probabil.y Estadistica(k/s)","S","0","58"
"10","Martes","09:00","11:00","93.65","Matematica IV","A","25","36"
"1001","Martes","18:30","22:00","T2.10","Redes De Acceso","A","0","15"
"1001","Miercoles","18:30","22:00","T2.10","Redes De Acceso","A","0","15"
"1001","Jueves","18:30","22:00","T2.10","Redes De Acceso","A","0","15"
"1001","Martes","18:30","22:00","T2.06","Redes Opticas","A","0","15"
"1001","Miercoles","18:30","22:00","T2.06","Redes Opticas","A","0","15"
"1001","Jueves","18:30","22:00","T2.06","Redes Opticas","A","0","15"
"1001","Martes","18:30","22:00","T2.78","Seguridad En Redes","A","0","15"
"1001","Miercoles","18:30","22:00","T2.78","Seguridad En Redes","A","0","15"
"1001","Jueves","18:30","22:00","T2.78","Seguridad En Redes","A","0","15"
"1001","Martes","18:30","22:00","T2.43","Redes Wi Fi","A","0","15"
"1001","Miercoles","18:30","22:00","T2.43","Redes Wi Fi","A","0","15"
"1001","Martes","18:30","22:00","T2.86","Taller De Metodologia De Desarrollo De Tesis","A","0","15"
"1001","Miercoles","18:30","22:00","T2.86","Taller De Metodologia De Desarrollo De Tesis","A","0","15"
"1001","Lunes","18:30","22:00","T2.84","Simulador De Redes","A","0","15"
"1001","Martes","18:30","22:00","T2.84","Simulador De Redes","A","0","15"
"1001","Miercoles","18:30","22:00","T2.84","Simulador De Redes","A","0","15"
"1001","Jueves","18:30","22:00","T2.84","Simulador De Redes","A","0","15"
"1001","Martes","18:30","22:00","T2.85","Sistemas De Radio Definida Por Software","A","0","15"
"1001","Miercoles","18:30","22:00","T2.85","Sistemas De Radio Definida Por Software","A","0","15"
"1001","Martes","18:30","22:00","T2.87","Television Digital","A","0","15"
"1001","Miercoles","18:30","22:00","T2.87","Television Digital","A","0","15"
"104","Martes","11:00","13:00","93.95","Fisica Ingreso (Anual)","CPA-D","0","32"
"104","Martes","14:00","16:00","93.80","Matematica Ingreso (Cuatrimestral)","IPC-E","0","28"
"104","Viernes","10:00","13:00","99.05","Comunicacion para Ing. (Cuatrimestral)","IPC-F","0","28"
"104","Miercoles","17:00","20:00","22.58","Instrumentacion y control","E","0","10"
"104","Lunes","14:00","17:00","11.84","Gestion de Proyectos","LA","25","30"
"104","Jueves","14:00","18:00","22.57","Microprocesadores y Control","M","0","9"
"104","Viernes","17:00","21:00","22.54","Electronica Industrial","M","0","10"
"104","Viernes","13:00","15:00","41.34","Desarrollo de Yacimientos (Anual)","P","0","27"
"104","Lunes","17:00","19:00","41.38","Evaluacion de Proyectos de la Industria Petrolera","P","0","19"
"104","Jueves","08:00","10:00","93.03","Matematica III","B","25","34"
"104","Jueves","10:00","12:00","93.42","Fisica II","B","25","24"
"104","Martes","09:00","11:00","93.35","Logica Computacional","S","0","20"
"104","Martes","16:00","19:00","11.91","Metodologia de Investigacion","A","12","26"
"104","Lunes","12:00","14:00","93.17","Matematica I","E","1","29"
"104","Jueves","12:00","14:00","93.18","Algebra Lineal","B","8","29"
"104","Lunes","10:00","12:00","93.18","Algebra Lineal","D","1","25"
"104","Miercoles","11:00","14:00","94.24","Metodologia del Aprendizaje","B","25","30"
"104","Miercoles","14:00","17:00","94.24","Metodologia del Aprendizaje","C","25","31"
"104","Miercoles","08:00","11:00","94.24","Metodologia del Aprendizaje","DF","25","13"
"105","Miercoles","14:00","16:00","93.18","Algebra Lineal","A","8","20"
"105","Jueves","15:00","18:00","93.75","Metodos Numericos Avanzados","S","0","26"
"105","Viernes","08:00","09:30","12.10","Introduccion a la Ingenieria Quimica","Q","0","22"
"105","Martes","11:00","14:00","31.17","Estatica y Resist. de Mat.","C","25","22"
"105","Lunes","18:00","21:00","32.54","Construccion Naval","N","0","4"
"105","Jueves","09:00","12:00","31.81","Tecnologia de Maquinas","K","0","12"
"105","Miercoles","18:30","21:30","21.84","Proyecto Final  (Anual)","E","0","4"
"105","Martes","14:00","17:00","11.78","Estadistica Aplicada II","A","0","5"
"105","Lunes","13:00","15:00","93.57","Matematica V ( K )","K","0","24"
"105","Lunes","15:00","18:00","22.14","Electronica IV","K","0","14"
"105","Viernes","15:00","18:00","22.14","Electronica IV","K","0","14"
"105","Viernes","18:00","21:00","22.88","Sensores y Actuadores","K","0","11"
"105","Jueves","18:00","21:00","41.09","Ingenieria de Reservorios","P","0","19"
"105","Miercoles","09:30","12:30","22.92","Fundamentos de la Teoria de Control","A","0","1"
"105","Viernes","10:00","12:00","93.17","Matematica I","A","17","23"
"106","Lunes","15:00","18:00","81.45","Seminario de Actualizacion","B","0","17"
"106","Martes","15:00","18:00","22.20","Electronica General","M","0","25"
"106","Viernes","15:00","18:00","16.34","Electromedicina","K","0","3"
"106","Martes","12:00","15:00","61.32","Derecho para Ingenieros","KS","0","12"
"106","Lunes","13:00","15:00","12.90","Proyecto de Plantas  (Anual)","Q","0","16"
"106","Jueves","13:30","16:30","10.03","Gestion de Proyectos (i)","A","25","2"
"106","Lunes","18:30","21:30","21.86","Dise혎 de Lineas de Transmision y Estaciones Transformadoras","E","0","3"
"106","Martes","18:30","21:30","21.86","Dise혎 de Lineas de Transmision y Estaciones Transformadoras","E","0","3"
"106","Jueves","18:00","21:00","32.57","Proyecto de Buques  (Anual)","N","0","2"
"106","Lunes","13:00","15:00","12.90","Proyecto de Plantas  (Anual)","Q","0","14"
"107","Martes","12:00","15:00","31.40","Proyecto Mecanico  (Anual)","M","0","12"
"107","Lunes","15:00","18:00","31.84","Estructuras Automotrices","INGLES","0","9"
"107","Miercoles","19:00","22:00","22.67","Se혀les Aleatorias","K","0","18"
"107","Lunes","12:00","15:00","16.01","Biologia Molecular y Celular","BIO","0","7"
"107","Lunes","19:00","22:00","16.39","Interfaces Bioelectronicas","K","0","4"
"107","Martes","19:00","22:00","12.46","Introduccion Al Proceso de Fabricacion de Aceros","QM","0","4"
"107","Lunes","09:00","12:00","22.53","Tecnologia de Mat.electronicos","K","0","8"
"107","Jueves","18:00","21:00","22.53","Tecnologia de Mat.electronicos","K","0","8"
"107","Martes","15:00","17:00","93.53","Fisica II (Quimicos)","Q","0","18"
"107","Jueves","13:00","15:00","94.72","Comunicacion para Adm. y Sist. (AyS)","LPC-A","0","18"
"107","Miercoles","15:00","18:00","14.55","Marketing de Servicios","A","25","15"
"11","Lunes","18:00","21:00","81.39","Sistemas Integrados de Gestion Empresaria I","AB","0","53"
"11","Miercoles","08:00","10:00","93.65","Matematica IV","Q","25","46"
"11","Jueves","14:00","18:00","93.43","Fisica III","S","25","48"
"11","Martes","13:00","15:00","93.42","Fisica II","A","25","53"
"11","Lunes","09:00","11:00","93.42","Fisica II","MN","25","48"
"11","Jueves","12:00","14:00","93.42","Fisica II","MN","25","48"
"11","Viernes","14:00","17:00","93.36","Probabilidad","A","25","42"
"11","Martes","09:00","13:00","93.58","Algebra","S","0","48"
"11","Viernes","08:00","11:00","94.24","Metodologia del Aprendizaje","K","25","26"
"11","Jueves","08:00","12:00","93.41","Fisica I","A","25","41"
"11","Miercoles","19:00","22:00","11.16","Materiales y Procesos","B","25","39"
"11","Martes","15:00","18:00","11.20","Presupuesto y Control","B","25","37"
"11","Martes","19:00","22:00","11.19","Costos Industriales","B","25","37"
"11","Jueves","19:00","22:00","11.16","Materiales y Procesos","B","25","39"
"11","Lunes","15:00","18:00","31.21","Termodinamica","MNPE","0","41"
"11","Miercoles","15:00","18:00","31.21","Termodinamica","MNPE","0","41"
"11","Miercoles","11:00","14:00","31.22","Mecanica de Fluidos","B","30","47"
"11","Lunes","11:00","14:00","31.25","Termodinamica","A","25","28"
"11","Viernes","11:00","14:00","31.25","Termodinamica","B","25","17"
"110","Miercoles","18:00","21:00","41.04","Perforacion Petrolera II","P","0","26"
"110","Miercoles","15:00","18:00","61.28","Economia","B","25","19"
"110","Jueves","11:00","14:00","11.77","Estadistica Aplicada I","B","25","35"
"110","Jueves","14:00","17:00","31.38","Turbomaquinas","EM","0","39"
"110","Viernes","14:00","17:00","31.38","Turbomaquinas","EM","0","39"
"110","Viernes","17:00","20:00","22.58","Instrumentacion y control","E","0","10"
"110","Jueves","18:00","21:00","22.15","Electronica V","K","0","14"
"110","Martes","19:00","22:00","12.11","Operaciones Unitarias I","Q","0","17"
"110","Miercoles","08:00","11:00","72.31","Programacion Imperativa","S","0","34"
"110","Lunes","15:00","19:00","93.43","Fisica III","A","25","37"
"110","Miercoles","11:00","13:00","72.34","Estructura de Datos y Algoritmos","S","0","23"
"110","Viernes","12:00","14:00","12.50","Quimica Ingreso (Cuatrimestral)","IPC-E","0","28"
"110","Martes","14:00","17:00","12.50","Quimica Ingreso (Cuatrimestral)","IPC-A","0","33"
"110","Lunes","09:00","11:30","12.55","Quimica Ingreso (Anual)","CPA-D","0","32"
"110","Martes","08:30","12:00","93.85","Matematica Ingreso (Anual)","CPA-B","0","34"
"110","Viernes","10:30","12:00","12.55","Quimica Ingreso (Anual)","CPA-A","0","35"
"110","Lunes","11:30","14:00","12.55","Quimica Ingreso (Anual)","CPA-B","0","34"
"110","Viernes","08:30","10:00","12.55","Quimica Ingreso (Anual)","CPA-B","0","34"
"111","Martes","13:00","16:00","12.50","Quimica Ingreso (Cuatrimestral)","IPC-B","0","32"
"111","Miercoles","15:00","17:00","12.50","Quimica Ingreso (Cuatrimestral)","IPC-B","0","32"
"111","Jueves","17:30","20:30","93.90","Fisica Ingreso (Cuatrimestral)","IPC-H","0","28"
"111","Martes","08:00","10:00","93.90","Fisica Ingreso (Cuatrimestral)","IPC-B","0","33"
"111","Miercoles","08:00","10:00","93.90","Fisica Ingreso (Cuatrimestral)","IPC-B","0","33"
"111","Lunes","10:00","14:00","93.80","Matematica Ingreso (Cuatrimestral)","IPC-F","0","33"
"111","Martes","10:00","12:00","93.80","Matematica Ingreso (Cuatrimestral)","IPC-B","0","35"
"111","Miercoles","13:00","15:00","93.80","Matematica Ingreso (Cuatrimestral)","IPC-B","0","35"
"111","Jueves","08:00","13:00","93.80","Matematica Ingreso (Cuatrimestral)","IPC-B","0","35"
"111","Viernes","15:00","18:00","72.39","Automatas, Teoria de Lenguajes y Compiladores","S","0","22"
"111","Martes","17:00","20:00","72.35","Ingenieria de Software I","S","0","11"
"111","Jueves","14:00","17:00","93.36","Probabilidad","B","25","28"
"111","Miercoles","10:00","13:00","31.17","Estatica y Resist. de Mat.","A","25","36"
"111","Viernes","12:00","14:00","93.42","Fisica II","C","25","31"
"111","Viernes","10:00","12:00","93.02","Matematica II","D","25","36"
"111","Lunes","14:00","17:00","94.24","Metodologia del Aprendizaje","S","6","34"
"111","Lunes","18:00","21:00","12.12","Operaciones Unitarias II","Q","0","22"
"111","Miercoles","19:00","22:00","31.66","Hidraulica, Neumatica y Plc","M","0","30"
"111","Viernes","08:00","10:00","41.12","Proyecto de Instalaciones de Superficie","P","0","30"
"112","Lunes","15:00","18:00","32.64","Plantas Propulsoras Marinas","N","0","1"
"112","Miercoles","15:00","18:00","32.64","Plantas Propulsoras Marinas","N","0","1"
"112","Jueves","11:00","14:00","31.58","Proyectos Mecatronicos  (Anual)","M","0","1"
"112","Martes","13:00","16:00","21.81","Maquinas Electricas II","EK","0","7"
"112","Viernes","15:30","21:30","21.32","Tecnologia de Mat. Electricos","E","0","10"
"112","Jueves","14:00","17:00","30.10","Fractomecanica","M","0","6"
"112","Jueves","11:00","14:00","31.58","Proyectos Mecatronicos  (Anual)","M","0","3"
"112","Martes","16:00","19:00","16.34","Electromedicina","K","0","3"
"112","Jueves","18:00","21:00","32.66","Hidrostatica y Estabilidad","N","0","3"
"112","Martes","09:00","12:00","30.09","Motores de Combustion Interna I B","M","0","15"
"112","Martes","19:00","22:00","21.41","Instalaciones Electricas","M","0","2"
"112","Lunes","13:00","15:00","94.72","Comunicacion para Adm. y Sist. (AyS)","LPC-A","0","18"
"113","Martes","14:00","17:00","72.37","Base de Datos I","S","0","24"
"113","Lunes","12:00","15:00","16.37","Biologia para Ingenieros","K","0","5"
"113","Miercoles","12:00","15:00","16.37","Biologia para Ingenieros","K","0","5"
"113","Martes","18:00","21:00","12.26","Termodinamica","Q","0","16"
"113","Lunes","19:00","22:00","31.81","Tecnologia de Maquinas","K","0","12"
"113","Miercoles","15:00","18:00","31.86","Sistemas Mecatronicos del Automovil","M","0","13"
"113","Jueves","10:00","13:00","93.54","Metodos Numericos ( K )","INGLES","0","21"
"113","Jueves","13:00","16:00","41.32","Geologia para Ingenieros","P","0","7"
"113","Lunes","15:00","18:00","41.24","Registros de Pozo","P","0","19"
"113","Viernes","15:00","18:00","41.24","Registros de Pozo","P","0","19"
"116","Lunes","12:00","15:00","31.40","Proyecto Mecanico  (Anual)","M","0","5"
"116","Miercoles","14:00","17:00","21.06","Electrotecnia","BP","28","20"
"116","Martes","14:30","17:30","21.71","Electrotecnia I","E","0","9"
"116","Viernes","15:00","18:00","31.86","Sistemas Mecatronicos del Automovil","M","0","13"
"116","Martes","18:00","21:00","22.88","Sensores y Actuadores","K","0","11"
"116","Jueves","18:00","21:00","72.36","Interaccion Hombre-computadora (HCI)","S","0","10"
"116","Viernes","12:00","15:00","93.39","Estadistica","A","20","13"
"116","Miercoles","09:30","12:30","72.32","Dise혎 y Procesamiento de Doc Xml","S","0","17"
"116","Lunes","15:00","18:00","30.06","Motores de Combustion Interna I A","M","0","3"
"116","Jueves","14:00","16:00","12.50","Quimica Ingreso (Cuatrimestral)","IPC-G","0","23"
"116","Jueves","16:00","18:00","93.22","Prob.y Estadistica(i/m/q)","INGLES","25","7"
"117","Lunes","10:00","12:00","93.84","Matematica Ingreso (AyS)","LPC-A","0","21"
"117","Jueves","15:00","18:00","81.99","Taller de Transicion 1 (Sistemas de Informacion)","A","0","54"
"117","Jueves","19:00","22:00","21.41","Instalaciones Electricas","M","0","2"
"117","Lunes","14:00","16:00","93.35","Logica Computacional","S","0","20"
"117","Jueves","11:00","13:00","22.46","Procesamiento Adaptativo de Se혀les","K","0","1"
"117","Martes","13:00","16:00","22.56","Sensores y Actuadores","INGLES","0","8"
"117","Martes","16:00","18:00","22.57","Microprocesadores y Control","M","0","9"
"117","Martes","19:00","22:00","22.45","Redes Neuronales","K","0","7"
"117","Miercoles","12:00","14:00","93.57","Matematica V ( K )","K","0","24"
"12","Lunes","16:00","19:00","22.12","Electronica II","K","0","8"
"12","Martes","18:00","22:00","22.08","Algoritmos y Estructura de Datos","K","0","11"
"12","Viernes","08:00","11:00","12.09","Quimica","S","0","18"
"12","Martes","08:00","10:00","93.41","Fisica I","S","28","31"
"12","Miercoles","09:00","13:00","22.07","Programacion I","K","0","15"
"12","Lunes","11:00","13:00","22.07","Programacion I","K","0","15"
"12","Jueves","18:00","21:00","81.52","Negocios y Tecnologia en Internet","A","25","38"
"12","Lunes","18:00","21:00","32.66","Hidrostatica y Estabilidad","N","0","3"
"12","Lunes","14:00","16:00","12.01","Quimica I","D","1","31"
"12","Martes","10:00","12:00","12.01","Quimica I","E","1","29"
"12","Martes","14:00","16:00","93.17","Matematica I","K","17","15"
"12","Viernes","15:00","17:00","22.06","Introduccion a la Computacion","ESPA헲L","0","14"
"12","Martes","12:00","14:00","93.18","Algebra Lineal","K","8","14"
"12","Martes","16:00","18:00","22.06","Introduccion a la Computacion","ESPA헲L","0","14"
"12","Miercoles","13:00","17:00","22.06","Introduccion a la Computacion","INGLES","0","2"
"12","Miercoles","18:00","20:00","22.06","Introduccion a la Computacion","INGLES","0","2"
"12","Jueves","16:00","17:30","93.95","Fisica Ingreso (Anual)","CPA-B","0","34"
"12","Jueves","11:00","13:00","93.65","Matematica IV","A","25","36"
"12","Jueves","14:00","16:00","93.65","Matematica IV","A","25","36"
"120","Lunes","11:00","13:00","93.35","Logica Computacional","S","0","20"
"120","Jueves","12:00","14:00","93.80","Matematica Ingreso (Cuatrimestral)","IPC-C","0","32"
"120","Lunes","18:00","22:00","31.67","Procesos de Manufactura I","M","0","7"
"120","Miercoles","08:00","11:00","99.05","Comunicacion para Ing. (Cuatrimestral)","IPC-D","0","29"
"120","Viernes","15:00","16:00","93.90","Fisica Ingreso (Cuatrimestral)","IPC-C","0","31"
"120","Jueves","10:00","12:00","93.90","Fisica Ingreso (Cuatrimestral)","IPC-C","0","31"
"120","Martes","10:30","12:00","93.85","Matematica Ingreso (Anual)","CPA-A","0","35"
"120","Miercoles","12:00","14:00","93.85","Matematica Ingreso (Anual)","CPA-C","0","33"
"120","Viernes","09:00","13:00","93.02","Matematica II","E","25","24"
"120","Lunes","14:00","16:00","93.02","Matematica II","K","25","34"
"120","Miercoles","18:00","21:00","81.11","Contabilidad Gerencial","A","25","26"
"120","Martes","08:00","10:00","93.03","Matematica III","B","25","34"
"120","Viernes","13:00","15:00","12.19","Quimica Analitica","Q","0","25"
"120","Martes","12:00","15:00","22.15","Electronica V","K","0","14"
"120","Miercoles","14:00","17:00","94.40","Estructura de las Organizaciones","L","25","29"
"120","Jueves","14:00","18:00","22.46","Procesamiento Adaptativo de Se혀les","K","0","1"
"120","Jueves","18:00","21:00","10.02","Gestion Ambiental","A","25","33"
"120","Lunes","18:00","22:00","30.08","Procesos de Manufactura I","M","0","31"
"120","Lunes","16:00","18:00","93.57","Matematica V ( K )","K","0","24"
"120","Martes","15:00","18:00","61.28","Economia","A","25","27"
"120","Martes","19:00","22:00","41.12","Proyecto de Instalaciones de Superficie","P","0","30"
"121","Viernes","15:00","18:00","61.28","Economia","A","25","27"
"121","Viernes","12:00","15:00","61.28","Economia","B","25","19"
"121","Jueves","18:00","21:00","10.02","Gestion Ambiental","B","25","33"
"121","Martes","18:00","21:00","81.31","Analisis y Dise혎 de Aplicaciones Informaticas","A","25","33"
"121","Lunes","08:00","11:00","93.59","Matematica Discreta","S","0","30"
"121","Miercoles","19:00","22:00","72.11","Sistemas Operativos","S","0","21"
"121","Martes","12:00","14:00","93.02","Matematica II","D","25","36"
"121","Martes","15:00","17:00","93.02","Matematica II","A","25","31"
"121","Miercoles","15:00","17:00","93.02","Matematica II","A","25","31"
"121","Viernes","08:00","10:00","93.95","Fisica Ingreso (Anual)","CPA-A","0","35"
"121","Martes","08:00","10:00","93.85","Matematica Ingreso (Anual)","CPA-C","0","33"
"121","Jueves","14:00","16:00","93.90","Fisica Ingreso (Cuatrimestral)","IPC-A","0","33"
"121","Miercoles","11:00","13:00","93.90","Fisica Ingreso (Cuatrimestral)","IPC-C","0","31"
"121","Lunes","14:00","17:00","12.50","Quimica Ingreso (Cuatrimestral)","IPC-C","0","31"
"121","Jueves","10:00","12:00","12.50","Quimica Ingreso (Cuatrimestral)","IPC-A","0","33"
"121","Viernes","10:00","12:00","93.80","Matematica Ingreso (Cuatrimestral)","IPC-C","0","32"
"121","Lunes","11:00","14:00","93.80","Matematica Ingreso (Cuatrimestral)","IPC-C","0","32"
"122","Lunes","15:00","17:00","99.07","Comunicacion para Ing. (Anual)","CPA-B","0","35"
"122","Jueves","12:00","15:00","81.02","Introduccion a la Licenciatura en Adm y Sistemas","AB","0","30"
"122","Lunes","12:00","15:00","81.02","Introduccion a la Licenciatura en Adm y Sistemas","AB","0","30"
"123","Viernes","15:00","18:00","61.31","Derecho para Ingenieros","BM","25","10"
"123","Lunes","15:00","18:00","21.09","Maquinas Electricas","C","25","18"
"123","Lunes","09:00","12:00","11.83","Gestion de Operaciones","B","0","17"
"123","Viernes","09:00","12:00","11.83","Gestion de Operaciones","B","0","17"
"123","Martes","15:00","17:00","31.52","Construcciones Industriales(i)","AB","0","4"
"123","Miercoles","15:00","19:00","31.52","Construcciones Industriales(i)","AB","0","4"
"123","Jueves","13:00","15:00","93.28","Analisis Matematico II","S","0","27"
"123","Jueves","17:00","20:00","99.05","Comunicacion para Ing. (Cuatrimestral)","IPC-G","0","16"
"124","Jueves","14:00","17:00","31.92","Elementos Finitos II","M","0","2"
"124","Lunes","13:00","14:30","99.52","Espa혎l Lengua Segunda B2","A","0","7"
"124","Miercoles","13:00","14:30","99.52","Espa혎l Lengua Segunda B2","A","0","7"
"124","Lunes","14:30","16:00","99.56","Espa혎l Lengua Segunda C1","A","0","4"
"124","Miercoles","14:30","16:00","99.56","Espa혎l Lengua Segunda C1","A","0","4"
"124","Jueves","09:00","12:00","21.71","Electrotecnia I","E","0","9"
"124","Martes","18:00","21:00","32.57","Proyecto de Buques  (Anual)","N","0","2"
"124","Viernes","14:00","17:00","32.52","Maquinas Marinas I","N","0","4"
"124","Jueves","18:00","21:00","32.54","Construccion Naval","N","0","4"
"124","Martes","15:00","18:00","12.57","Seguridad e Inocuidad Alimentaria","A","0","10"
"124","Miercoles","16:00","19:00","22.64","Comunicaciones Digitales","K","0","4"
"125","Miercoles","18:00","21:00","31.26","Mecanica de Fluidos","M","0","21"
"125","Lunes","15:00","18:00","94.28","Formacion General II","A","25","25"
"125","Jueves","14:00","17:00","32.52","Maquinas Marinas I","N","0","4"
"125","Miercoles","14:00","17:00","94.62","Etica en los Negocios","A","30","25"
"125","Viernes","14:00","17:00","61.82","Macroeconomia","A","20","26"
"125","Martes","11:00","13:00","93.42","Fisica II","B","25","24"
"125","Martes","13:00","16:00","94.21","Formacion General I","F","1","27"
"125","Viernes","12:00","14:00","93.17","Matematica I","K","17","15"
"125","Jueves","18:00","21:00","31.97","Corrosion y Degradacion de Materiales","M","0","7"
"125","Martes","17:00","20:00","99.05","Comunicacion para Ing. (Cuatrimestral)","IPC-A","0","24"
"125","Jueves","10:00","14:00","93.80","Matematica Ingreso (Cuatrimestral)","IPC-G","0","25"
"125","Miercoles","11:00","14:00","31.25","Termodinamica","C","25","17"
"126","Miercoles","10:00","13:00","93.84","Matematica Ingreso (AyS)","LPC-A","0","21"
"126","Jueves","08:00","11:00","93.84","Matematica Ingreso (AyS)","LPC-A","0","21"
"126","Jueves","15:00","18:00","81.26","Comercio Exterior","B","0","24"
"126","Jueves","19:00","22:00","31.68","Instalaciones Industriales","M","0","9"
"126","Jueves","11:00","14:00","94.61","Filosofia","A","0","24"
"126","Miercoles","14:00","17:00","31.20","Dise혎 Mecanico","MN","0","30"
"126","Martes","15:00","18:00","81.11","Contabilidad Gerencial","A","25","26"
"126","Lunes","14:00","17:00","93.07","Metodos Numericos","S","25","27"
"126","Viernes","15:00","18:00","93.75","Metodos Numericos Avanzados","S","0","26"
"126","Miercoles","18:00","21:00","41.32","Geologia para Ingenieros","P","0","7"
"126","Martes","18:30","21:30","81.46","Auditoria General y de Sistemas","B","0","27"
"13","Jueves","15:00","18:00","94.28","Formacion General II","B","25","16"
"13","Miercoles","15:00","18:00","22.05","Anal.de Se혀les y Sist.digit.","K","0","13"
"13","Viernes","09:00","12:00","22.05","Anal.de Se혀les y Sist.digit.","K","0","13"
"13","Martes","17:00","19:00","12.20","Quimica-fisica","Q","0","20"
"13","Jueves","18:00","21:00","12.83","Seguridad Ocupacional y Ambiental","S","25","30"
"13","Martes","10:00","14:00","93.44","Fisica IV","MP","28","31"
"13","Viernes","16:00","18:00","93.44","Fisica IV","MP","28","31"
"13","Lunes","16:00","19:00","30.03","Instalaciones Termicas","A","0","18"
"13","Miercoles","12:00","15:00","61.31","Derecho para Ingenieros","CM","25","27"
"13","Jueves","12:00","15:00","61.24","Economia para Ingenieros","S","0","37"
"13","Lunes","14:00","16:00","72.31","Programacion Imperativa","S","0","34"
"13","Miercoles","10:00","12:00","93.41","Fisica I","E","25","23"
"13","Lunes","10:00","12:00","93.17","Matematica I","K","17","15"
"13","Miercoles","08:00","10:00","93.17","Matematica I","C","17","36"
"13","Miercoles","18:00","20:00","22.06","Introduccion a la Computacion","ESPA헲L","0","14"
"13","Lunes","08:00","10:00","93.18","Algebra Lineal","K","8","14"
"13","Lunes","12:00","14:00","93.28","Analisis Matematico II","S","0","27"
"13","Martes","14:00","16:00","99.07","Comunicacion para Ing. (Anual)","CPA-C","0","32"
"13","Lunes","19:00","22:00","72.20","Redes de Informacion","S","0","21"
"13","Viernes","13:00","15:30","93.95","Fisica Ingreso (Anual)","CPA-C","0","33"
"130","Lunes","10:00","12:00","93.85","Matematica Ingreso (Anual)","CPA-A","0","35"
"130","Viernes","14:00","16:00","93.85","Matematica Ingreso (Anual)","CPA-B","0","34"
"130","Martes","08:00","10:00","93.85","Matematica Ingreso (Anual)","CPA-D","0","32"
"130","Lunes","13:00","14:30","12.55","Quimica Ingreso (Anual)","CPA-D","0","32"
"130","Miercoles","09:00","12:00","93.90","Fisica Ingreso (Cuatrimestral)","IPC-E","0","27"
"130","Lunes","15:00","17:00","93.90","Fisica Ingreso (Cuatrimestral)","IPC-F","0","33"
"130","Miercoles","08:00","09:00","93.90","Fisica Ingreso (Cuatrimestral)","IPC-F","0","33"
"130","Martes","14:00","18:00","93.22","Prob.y Estadistica(i/m/q)","INGLES","25","7"
"130","Jueves","14:00","18:00","93.22","Prob.y Estadistica(i/m/q)","Q","25","35"
"130","Lunes","08:00","10:00","93.80","Matematica Ingreso (Cuatrimestral)","IPC-G","0","25"
"130","Viernes","12:00","14:00","93.80","Matematica Ingreso (Cuatrimestral)","IPC-C","0","32"
"130","Miercoles","14:00","16:00","93.80","Matematica Ingreso (Cuatrimestral)","IPC-D","0","34"
"130","Viernes","10:00","12:00","93.02","Matematica II","A","25","31"
"130","Jueves","10:00","12:00","93.02","Matematica II","E","25","24"
"130","Miercoles","12:00","14:00","93.20","Analisis Matematico","A","0","33"
"130","Jueves","08:00","10:00","93.20","Analisis Matematico","A","0","33"
"130","Lunes","18:00","21:00","81.52","Negocios y Tecnologia en Internet","A","25","38"
"130","Martes","11:00","14:00","93.39","Estadistica","A","20","13"
"130","Jueves","18:00","21:00","11.10","Organizacion de la Produccion I","A","25","31"
"130","Miercoles","16:00","19:00","12.24","Ingenieria de Reacciones y Reactores I","Q","0","17"
"130","Martes","18:00","21:00","31.26","Mecanica de Fluidos","M","0","21"
"131","Miercoles","15:00","18:00","81.26","Comercio Exterior","A","0","43"
"131","Jueves","19:00","22:00","11.10","Organizacion de la Produccion I","B","25","34"
"131","Martes","15:00","18:00","21.10","Instalaciones Electricas","A","0","5"
"131","Martes","19:00","22:00","94.42","Comunicacion Estrategica","A","12","26"
"131","Miercoles","10:00","12:00","93.17","Matematica I","F","17","31"
"131","Viernes","08:00","10:00","93.17","Matematica I","F","17","31"
"131","Martes","13:00","15:00","93.02","Matematica II","B","25","23"
"131","Viernes","10:00","12:00","93.18","Algebra Lineal","F","8","20"
"131","Jueves","11:00","13:00","93.80","Matematica Ingreso (Cuatrimestral)","IPC-D","0","34"
"131","Lunes","10:00","12:00","93.80","Matematica Ingreso (Cuatrimestral)","IPC-A","0","35"
"131","Lunes","16:00","19:00","72.08","Arquitecturas de Computadoras","S","0","20"
"131","Martes","08:00","10:00","93.90","Fisica Ingreso (Cuatrimestral)","IPC-E","0","27"
"131","Lunes","12:00","14:00","93.90","Fisica Ingreso (Cuatrimestral)","IPC-A","0","33"
"131","Jueves","08:00","10:00","12.50","Quimica Ingreso (Cuatrimestral)","IPC-D","0","36"
"131","Jueves","14:00","15:30","93.85","Matematica Ingreso (Anual)","CPA-B","0","34"
"131","Miercoles","12:30","14:30","93.85","Matematica Ingreso (Anual)","CPA-A","0","35"
"131","Viernes","12:30","14:00","93.85","Matematica Ingreso (Anual)","CPA-A","0","35"
"131","Lunes","14:00","16:00","93.80","Matematica Ingreso (Cuatrimestral)","IPC-A","0","35"
"131","Martes","10:30","13:00","12.55","Quimica Ingreso (Anual)","CPA-C","0","33"
"132","Martes","13:00","15:00","93.95","Fisica Ingreso (Anual)","CPA-A","0","35"
"132","Martes","15:00","18:00","99.05","Comunicacion para Ing. (Cuatrimestral)","IPC-C","0","27"
"132","Lunes","17:00","20:00","12.50","Quimica Ingreso (Cuatrimestral)","IPC-I","0","22"
"132","Miercoles","12:00","15:00","12.50","Quimica Ingreso (Cuatrimestral)","IPC-G","0","23"
"132","Martes","08:00","13:00","93.80","Matematica Ingreso (Cuatrimestral)","IPC-G","0","25"
"132","Lunes","11:00","17:00","93.80","Matematica Ingreso (Cuatrimestral)","IPC-I","0","22"
"132","Miercoles","10:00","12:00","93.80","Matematica Ingreso (Cuatrimestral)","IPC-F","0","33"
"132","Jueves","15:00","17:00","93.80","Matematica Ingreso (Cuatrimestral)","IPC-F","0","33"
"132","Miercoles","15:00","17:00","93.02","Matematica II","K","25","34"
"132","Lunes","08:00","10:00","93.20","Analisis Matematico","A","0","33"
"132","Viernes","08:00","11:00","81.08","Aplicacion de las Telecomunicaciones","A","0","20"
"132","Viernes","12:00","15:00","61.12","Gestion Financiera","B","25","29"
"132","Jueves","11:00","14:00","31.17","Estatica y Resist. de Mat.","A","25","36"
"132","Martes","19:00","21:00","12.08","Bioquimica y Microbiologia","Q","0","19"
"132","Miercoles","18:00","20:00","12.08","Bioquimica y Microbiologia","Q","0","19"
"132","Jueves","18:00","21:00","81.31","Analisis y Dise혎 de Aplicaciones Informaticas","A","25","33"
"133","Martes","19:00","22:00","61.40","Economia y Finanzas Internacionales","L","0","19"
"133","Martes","15:00","18:00","81.41","Estrategia Empresaria","AB","0","52"
"133","Jueves","15:00","18:00","11.15","Organizacion Industrial","K","25","42"
"133","Jueves","18:00","21:00","11.15","Organizacion Industrial","MPQ","25","65"
"133","Viernes","12:00","15:00","81.07","Sistemas Contables","A","0","15"
"133","Martes","12:00","15:00","81.07","Sistemas Contables","B","0","27"
"133","Lunes","08:00","11:00","21.08","Electrotecnia","MQ","0","43"
"133","Lunes","15:00","18:00","11.02","Org. de la Produccion II","A","25","20"
"133","Viernes","18:00","21:00","11.02","Org. de la Produccion II","A","25","20"
"133","Lunes","18:00","21:00","11.02","Org. de la Produccion II","B","25","28"
"133","Viernes","15:00","18:00","11.02","Org. de la Produccion II","B","25","28"
"133","Lunes","13:00","15:00","93.42","Fisica II","A","25","53"
"133","Miercoles","15:00","18:00","11.73","Teoria de la Decision","A","12","56"
"133","Jueves","09:00","14:00","93.58","Algebra","S","0","48"
"133","Viernes","10:00","12:00","93.18","Algebra Lineal","C","8","32"
"133","Martes","08:00","10:00","93.80","Matematica Ingreso (Cuatrimestral)","IPC-H","0","30"
"133","Miercoles","09:00","11:00","93.80","Matematica Ingreso (Cuatrimestral)","IPC-C","0","32"
"133","Martes","10:00","12:00","93.90","Fisica Ingreso (Cuatrimestral)","IPC-H","0","28"
"133","Miercoles","18:00","21:00","81.39","Sistemas Integrados de Gestion Empresaria I","AB","0","53"
"135","Jueves","19:00","22:00","61.10","Economia Internacional","A","15","3"
"135","Miercoles","15:00","17:00","12.50","Quimica Ingreso (Cuatrimestral)","IPC-C","0","31"
"135","Miercoles","10:00","13:00","12.50","Quimica Ingreso (Cuatrimestral)","IPC-H","0","29"
"135","Martes","16:00","19:00","12.50","Quimica Ingreso (Cuatrimestral)","IPC-F","0","31"
"135","Miercoles","08:00","10:00","93.80","Matematica Ingreso (Cuatrimestral)","IPC-H","0","30"
"135","Miercoles","13:00","15:00","93.80","Matematica Ingreso (Cuatrimestral)","IPC-H","0","30"
"135","Martes","14:00","16:00","93.80","Matematica Ingreso (Cuatrimestral)","IPC-F","0","33"
"135","Martes","12:00","14:00","93.65","Matematica IV","MPN","25","26"
"135","Viernes","12:00","16:00","93.65","Matematica IV","MPN","25","26"
"135","Lunes","14:00","16:00","93.17","Matematica I","F","17","31"
"135","Martes","09:00","12:00","81.07","Sistemas Contables","A","0","15"
"135","Lunes","12:00","14:00","93.02","Matematica II","B","25","23"
"135","Jueves","08:00","11:00","93.59","Matematica Discreta","S","0","30"
"135","Viernes","08:00","11:00","61.81","Microeconomia","A","0","19"
"135","Jueves","11:00","13:00","93.41","Fisica I","S","28","31"
"135","Lunes","08:00","11:00","21.09","Maquinas Electricas","B","25","9"
"135","Miercoles","19:00","22:00","81.63","Marketing Internacional","A","0","17"
"135","Jueves","17:00","19:00","12.24","Ingenieria de Reacciones y Reactores I","Q","0","17"
"135","Jueves","14:00","17:00","12.84","Introduccion a la Ingenieria Ambiental","Q","0","37"
"140","Lunes","14:00","17:00","11.85","Toma de Decisiones","LB","28","8"
"140","Viernes","14:00","17:00","11.85","Toma de Decisiones","LB","28","8"
"140","Miercoles","18:00","21:00","12.26","Termodinamica","Q","0","16"
"140","Martes","14:00","17:00","12.13","Operaciones Unitarias III","Q","0","7"
"140","Martes","18:00","21:00","12.13","Operaciones Unitarias III","Q","0","7"
"140","Lunes","18:00","21:00","12.16","Fenomenos de Transporte","Q","0","20"
"140","Miercoles","10:00","13:00","12.16","Fenomenos de Transporte","Q","0","20"
"140","Miercoles","15:00","17:00","12.16","Fenomenos de Transporte","Q","0","20"
"140","Jueves","10:00","12:00","12.16","Fenomenos de Transporte","Q","0","20"
"140","Viernes","18:00","22:00","41.29","Geoestadistica","P","0","17"
"140","Jueves","14:00","17:00","94.63","Epistemologia y Heuristica","A","25","26"
"140","Viernes","12:00","14:00","93.02","Matematica II","B","25","23"
"140","Jueves","17:00","20:00","94.21","Formacion General I","INGLES","15","12"
"140","Martes","10:00","13:00","94.60","Panorama Historico Global","A","0","15"
"141","Miercoles","19:00","22:00","72.43","Gestion de Proyectos Informaticos","S","0","2"
"141","Miercoles","15:30","18:30","21.85","Sistemas Electricos de Potencia","E","0","3"
"141","Viernes","12:00","15:00","81.07","Sistemas Contables","B","0","27"
"141","Martes","13:00","16:00","93.21","Algebra","A","0","13"
"141","Jueves","08:00","11:00","93.21","Algebra","A","0","13"
"141","Martes","08:00","11:00","93.21","Algebra","B","0","14"
"141","Viernes","08:00","11:00","93.21","Algebra","B","0","14"
"141","Martes","16:00","19:00","22.64","Comunicaciones Digitales","K","0","4"
"141","Jueves","15:00","18:00","61.40","Economia y Finanzas Internacionales","L","0","19"
"142","Viernes","13:00","16:00","22.67","Se혀les Aleatorias","K","0","18"
"142","Martes","19:00","22:00","11.75","Tecnologias y Procesos de Produccion","A","0","1"
"142","Miercoles","11:00","14:00","31.34","Estatica","M","0","23"
"142","Jueves","19:00","22:00","12.90","Proyecto de Plantas  (Anual)","Q","0","14"
"142","Lunes","15:00","18:00","11.46","Planeamiento Estrategico","A","25","24"
"142","Lunes","18:00","21:00","11.46","Planeamiento Estrategico","B","25","14"
"142","Martes","13:00","17:00","93.03","Matematica III","MN","25","23"
"142","Miercoles","14:00","17:00","81.20","Comercializacion","INGLES","28","25"
"142","Jueves","16:00","19:00","72.39","Automatas, Teoria de Lenguajes y Compiladores","S","0","22"
"142","Lunes","11:00","14:00","94.24","Metodologia del Aprendizaje","E","25","17"
"152","Jueves","08:00","11:00","94.21","Formacion General I","C","1","44"
"152","Viernes","14:00","17:00","94.21","Formacion General I","EK","25","24"
"152","Jueves","11:00","14:00","94.21","Formacion General I","A","1","32"
"152","Viernes","12:00","14:00","93.02","Matematica II","K","25","34"
"152","Martes","15:00","18:00","31.17","Estatica y Resist. de Mat.","B","25","52"
"152","Martes","13:00","15:00","93.03","Matematica III","B","25","34"
"152","Lunes","11:00","13:00","93.24","Probabil.y Estadistica(k/s)","S","0","58"
"152","Martes","11:00","13:00","93.24","Probabil.y Estadistica(k/s)","S","0","58"
"152","Jueves","14:00","16:00","93.42","Fisica II","S","25","40"
"152","Lunes","15:00","18:00","31.19","Estatica y Resistencia de Materiales","PQ","0","39"
"152","Miercoles","15:00","18:00","10.01","Proyecto Final de Ingenieria Industrial (Anual)","A","25","46"
"152","Miercoles","18:00","21:00","10.01","Proyecto Final de Ingenieria Industrial (Anual)","B","25","20"
"152","Martes","18:00","21:00","31.36","Metalurgia Fisica I","PM","30","51"
"152","Miercoles","15:00","18:00","11.99","Proyecto Final de Ingenieria Industrial","A","25","22"
"152","Miercoles","18:00","21:00","11.99","Proyecto Final de Ingenieria Industrial","B","25","25"
"152","Lunes","18:30","21:30","81.56","Arquitectura de la Tecnologia Informatica","AB","0","40"
"152","Lunes","08:00","11:00","93.07","Metodos Numericos","B","25","54"
"152","Miercoles","09:00","13:00","93.43","Fisica III","MPN","25","51"
"152","Viernes","08:00","12:00","93.80","Matematica Ingreso (Cuatrimestral)","IPC-A","0","35"
"152","Lunes","13:00","15:00","99.07","Comunicacion para Ing. (Anual)","CPA-A","0","34"
"152","Miercoles","13:30","15:00","93.85","Matematica Ingreso (Anual)","CPA-D","0","32"
"154","Martes","14:00","17:00","31.68","Instalaciones Industriales","M","0","9"
"154","Martes","11:00","14:00","31.35","Resistencia de Materiales","M","0","20"
"154","Jueves","11:00","14:00","31.35","Resistencia de Materiales","M","0","20"
"154","Miercoles","15:00","18:00","94.41","Gestion de los Recursos Humanos","LB","25","11"
"154","Miercoles","18:00","21:00","94.63","Epistemologia y Heuristica","B","25","18"
"154","Jueves","14:00","17:00","12.19","Quimica Analitica","Q","0","25"
"154","Lunes","11:00","14:00","31.34","Estatica","M","0","23"
"154","Lunes","15:30","18:30","21.85","Sistemas Electricos de Potencia","E","0","3"
"154","Viernes","14:00","17:00","21.45","Eficiencia Energetica","E","0","3"
"2003","Viernes","15:00","19:00","LI.05","Gestion De Transportes","A","0","14"
"2003","Sabado","09:00","13:00","LI.05","Gestion De Transportes","A","0","14"
"2003","Viernes","15:00","19:00","LI.06","Taller De Integracion","A","0","14"
"2003","Sabado","09:00","13:00","LI.06","Taller De Integracion","A","0","14"
"2003","Viernes","15:00","19:00","LI.07","Costos Y Evaluacion De Proyectos Logisticos","A","0","14"
"2003","Sabado","09:00","13:00","LI.07","Costos Y Evaluacion De Proyectos Logisticos","A","0","14"
"2003","Viernes","15:00","19:00","LI.09","Modelizacion Y Simulacion","A","0","14"
"2003","Sabado","09:00","13:00","LI.09","Modelizacion Y Simulacion","A","0","14"
"2003","Viernes","15:00","19:00","LI.10","Sistemas Y Tecnologias","A","0","14"
"2003","Sabado","09:00","13:00","LI.10","Sistemas Y Tecnologias","A","0","14"
"2003","Viernes","15:00","19:00","LI.12","Project Management","A","0","14"
"2003","Sabado","09:00","13:00","LI.12","Project Management","A","0","14"
"2003","Viernes","15:00","19:00","LI.13","Infraestructuras Logisticas","A","0","14"
"2003","Sabado","09:00","13:00","LI.13","Infraestructuras Logisticas","A","0","14"
"2003","Viernes","15:00","19:00","LI.14","Logistica Regional","A","0","14"
"2003","Sabado","09:00","13:00","LI.14","Logistica Regional","A","0","14"
"2003","Viernes","15:00","19:00","LI.15","Responsabilidad Profesional Y Etica","A","0","14"
"2003","Sabado","09:00","13:00","LI.15","Responsabilidad Profesional Y Etica","A","0","14"
"2003","Viernes","15:00","19:00","LI.16","Taller De Elaboracion Del Trabajo Final","A","0","14"
"21","Martes","15:00","17:30","93.95","Fisica Ingreso (Anual)","CPA-B","0","34"
"21","Lunes","10:00","13:00","93.90","Fisica Ingreso (Cuatrimestral)","IPC-G","25","24"
"21","Miercoles","08:00","10:00","93.90","Fisica Ingreso (Cuatrimestral)","IPC-G","25","24"
"21","Jueves","08:00","10:00","93.90","Fisica Ingreso (Cuatrimestral)","IPC-G","25","24"
"21","Lunes","13:00","17:00","93.51","Mecanica General","A","24","21"
"21","Jueves","15:00","17:00","93.51","Mecanica General","A","24","21"
"21","Miercoles","14:00","18:00","93.51","Mecanica General","B","24","23"
"22","Miercoles","13:00","16:00","22.28","Electronica de Potencia","K","0","3"
"22","Martes","14:00","16:00","22.02","Electrotecnia I","K","0","23"
"22","Martes","16:30","18:30","22.02","Electrotecnia I","K","0","23"
"22","Viernes","08:00","13:00","22.02","Electrotecnia I","K","0","23"
"22","Jueves","16:00","18:00","93.44","Fisica IV","K","28","29"
"22","Lunes","19:00","22:00","10.04","Plantas Industriales","A","25","30"
"22","Jueves","19:00","22:00","12.12","Operaciones Unitarias II","Q","0","22"
"22","Miercoles","19:00","22:00","22.31","Dise혎 de Equipos Electronicos  (Anual)","K","0","13"
"22","Lunes","16:00","19:00","12.47","Control de Procesos/Laboratorio de Control de Procesos","A","0","7"
"22","Martes","19:00","22:00","22.31","Dise혎 de Equipos Electronicos  (Anual)","K","0","8"
"22","Jueves","10:00","13:00","72.33","Programacion Orientada a Objetos","S","0","26"
"22","Miercoles","16:00","19:00","72.44","Criptografia y Seguridad","S","0","17"
"22","Miercoles","11:00","13:00","93.03","Matematica III","MN","25","23"
"22","Martes","11:00","14:00","71.88","Gestion de Datos","B","20","17"
"22","Lunes","11:00","13:00","93.41","Fisica I","C","25","22"
"22","Lunes","08:00","10:00","93.18","Algebra Lineal","F","8","20"
"23","Lunes","09:00","11:00","12.02","Quimica II","B","22","15"
"23","Jueves","16:00","19:00","94.27","Administracion Recursos Humanos","A","12","18"
"23","Martes","13:00","15:00","93.41","Fisica I","E","25","23"
"23","Viernes","10:00","14:00","93.41","Fisica I","F","25","10"
"23","Martes","11:00","13:00","93.03","Matematica III","K","25","26"
"23","Jueves","11:00","13:00","93.03","Matematica III","K","25","26"
"23","Lunes","11:00","13:00","93.42","Fisica II","K","25","19"
"23","Jueves","19:00","22:00","11.86","Investigacion de Operaciones I","B","25","26"
"23","Martes","15:00","18:00","93.38","Matematica V","M","0","15"
"23","Miercoles","12:00","15:00","16.01","Biologia Molecular y Celular","BIO","0","7"
"23","Miercoles","10:00","12:00","22.08","Algoritmos y Estructura de Datos","K","0","11"
"23","Miercoles","19:00","22:00","12.11","Operaciones Unitarias I","Q","0","17"
"23","Miercoles","15:00","18:00","12.20","Quimica-fisica","Q","0","20"
"23","Lunes","19:00","22:00","10.04","Plantas Industriales","B","25","24"
"23","Martes","19:00","22:00","22.12","Electronica II","K","0","8"
"23","Lunes","15:00","18:00","30.09","Motores de Combustion Interna I B","M","0","15"
"25","Viernes","14:00","16:00","12.50","Quimica Ingreso (Cuatrimestral)","IPC-F","0","31"
"25","Viernes","10:00","11:30","93.85","Matematica Ingreso (Anual)","CPA-C","0","33"
"25","Viernes","16:00","17:30","12.55","Quimica Ingreso (Anual)","CPA-C","0","33"
"25","Jueves","19:00","22:00","11.86","Investigacion de Operaciones I","A","25","30"
"25","Miercoles","19:00","22:00","11.76","Gestion de la Calidad","A","25","29"
"25","Martes","19:00","22:00","11.87","Investigacion de Operaciones II","A","0","14"
"25","Lunes","19:00","22:00","11.89","Formulacion y Evaluacion de Proyectos","A","25","54"
"25","Lunes","16:00","19:00","61.31","Derecho para Ingenieros","AM","25","26"
"25","Jueves","16:00","19:00","11.79","Sistemas y Modelos","A","25","29"
"25","Martes","16:00","19:00","30.02","Maquinas Termicas","INGLES","25","24"
"25","Lunes","13:00","16:00","31.22","Mecanica de Fluidos","B","30","47"
"25","Miercoles","14:00","16:00","93.42","Fisica II","S","25","40"
"25","Lunes","11:00","13:00","12.02","Quimica II","D","22","19"
"25","Viernes","08:00","10:00","12.02","Quimica II","A","22","28"
"25","Jueves","08:00","10:00","12.02","Quimica II","E","22","26"
"25","Martes","10:00","12:00","12.02","Quimica II","F","18","31"
"25","Martes","14:00","16:00","93.02","Matematica II","C","25","26"
"25","Lunes","09:00","11:00","93.02","Matematica II","D","25","36"
"25","Miercoles","12:00","14:00","93.28","Analisis Matematico II","S","0","27"
"25","Miercoles","08:00","10:00","93.26","Analisis Matematico I","S","0","51"
"25","Jueves","10:00","12:00","93.18","Algebra Lineal","D","1","25"
"25","Jueves","14:00","16:00","93.18","Algebra Lineal","A","8","20"
"25","Miercoles","10:00","12:00","93.17","Matematica I","E","1","29"
"25","Martes","08:00","10:00","12.01","Quimica I","A","18","32"
"25","Viernes","12:00","14:00","12.01","Quimica I","C","18","34"
"25","Martes","12:00","14:00","12.01","Quimica I","D","1","31"
"26","Lunes","11:00","13:00","12.01","Quimica I","F","18","33"
"26","Miercoles","13:00","15:00","12.01","Quimica I","F","18","33"
"26","Lunes","13:00","15:00","12.01","Quimica I","C","18","34"
"26","Jueves","10:00","12:00","12.01","Quimica I","B","18","27"
"26","Viernes","11:00","13:00","12.01","Quimica I","B","18","27"
"26","Jueves","08:00","10:00","12.01","Quimica I","A","18","32"
"26","Martes","19:00","22:00","10.06","Taller de Transicion 2 ( Tecnologias y Procesos de Produccion)","A","25","102"
"26","Lunes","08:00","10:00","93.17","Matematica I","D","1","27"
"26","Miercoles","08:00","10:00","12.02","Quimica II","A","22","28"
"26","Viernes","13:00","16:00","94.21","Formacion General I","B","1","39"
"26","Martes","08:00","10:00","12.02","Quimica II","E","22","26"
"26","Jueves","12:00","14:00","12.02","Quimica II","F","18","31"
"26","Viernes","08:00","10:00","12.02","Quimica II","D","22","19"
"26","Martes","11:00","13:00","12.02","Quimica II","C","22","21"
"26","Jueves","14:00","16:00","12.32","Quimica Organica I","Q","0","18"
"26","Miercoles","15:00","18:00","31.17","Estatica y Resist. de Mat.","B","25","52"
"26","Viernes","16:00","18:00","93.41","Fisica I","C","25","22"
"26","Jueves","16:00","19:00","11.79","Sistemas y Modelos","B","25","31"
"26","Lunes","19:00","22:00","11.89","Formulacion y Evaluacion de Proyectos","B","25","35"
"26","Miercoles","19:00","22:00","11.76","Gestion de la Calidad","B","25","19"
"26","Jueves","19:00","22:00","11.59","Logistica","B","25","30"
"26","Lunes","15:00","18:00","94.10","Formacion para Emprendedores","L","0","33"
"26","Miercoles","10:00","12:30","12.55","Quimica Ingreso (Anual)","CPA-A","0","35"
"26","Martes","17:00","19:00","93.22","Prob.y Estadistica(i/m/q)","Q","25","35"
"26","Martes","13:00","17:00","93.65","Matematica IV","Q","25","46"
"29","Miercoles","16:00","20:00","93.43","Fisica III","B","25","35"
"29","Lunes","12:00","14:00","93.65","Matematica IV","B","25","45"
"29","Martes","11:00","13:00","12.33","Quimica Organica II","Q","0","26"
"29","Jueves","11:00","13:00","12.33","Quimica Organica II","Q","0","26"
"29","Miercoles","14:00","16:00","93.65","Matematica IV","B","25","45"
"29","Viernes","09:00","12:00","93.07","Metodos Numericos","A","25","40"
"29","Lunes","09:00","12:00","12.50","Quimica Ingreso (Cuatrimestral)","IPC-D","0","36"
"29","Jueves","13:00","14:30","93.85","Matematica Ingreso (Anual)","CPA-C","0","33"
"29","Martes","13:00","15:00","72.31","Programacion Imperativa","S","0","34"
"29","Lunes","14:00","16:00","93.51","Mecanica General","B","24","23"
"29","Jueves","15:00","18:00","11.39","Marketing","A","25","45"
"29","Viernes","18:00","21:00","11.39","Marketing","B","25","33"
"29","Martes","19:00","22:00","11.63","Simulacion","A","25","41"
"29","Jueves","18:00","21:00","94.23","Formacion General III","KMP","25","24"
"29","Jueves","08:00","10:00","12.34","Quimica Organica para Petroleo","P","0","24"
"29","Viernes","12:00","14:00","12.34","Quimica Organica para Petroleo","P","0","24"
"29","Martes","15:00","19:00","93.41","Fisica I","D","25","27"
"29","Viernes","15:00","18:00","11.39","Marketing","C","25","22"
"29","Martes","09:00","11:00","12.32","Quimica Organica I","Q","0","18"
"29","Miercoles","12:00","14:00","93.02","Matematica II","C","25","26"
"29","Miercoles","08:00","10:00","93.17","Matematica I","D","1","27"
"29","Miercoles","10:00","12:00","93.18","Algebra Lineal","D","1","25"
"30","Martes","10:00","12:00","93.18","Algebra Lineal","F","8","20"
"30","Martes","08:00","10:00","93.18","Algebra Lineal","E","1","28"
"30","Viernes","12:00","14:00","93.17","Matematica I","D","1","27"
"30","Viernes","08:00","10:00","93.17","Matematica I","B","17","33"
"30","Viernes","10:00","12:00","12.02","Quimica II","C","22","21"
"30","Jueves","14:00","18:00","93.41","Fisica I","K","25","38"
"30","Lunes","12:00","15:00","21.09","Maquinas Electricas","A","25","39"
"30","Martes","19:00","22:00","11.63","Simulacion","B","25","33"
"30","Miercoles","08:00","12:00","93.44","Fisica IV","K","28","29"
"30","Jueves","08:00","11:00","21.08","Electrotecnia","MQ","0","43"
"30","Jueves","18:30","21:30","81.56","Arquitectura de la Tecnologia Informatica","AB","0","40"
"30","Miercoles","18:00","20:30","93.90","Fisica Ingreso (Cuatrimestral)","IPC-I","0","21"
"30","Miercoles","14:00","15:00","93.90","Fisica Ingreso (Cuatrimestral)","IPC-A","0","33"
"30","Miercoles","12:00","14:00","93.90","Fisica Ingreso (Cuatrimestral)","IPC-D","0","35"
"30","Lunes","09:00","10:00","93.90","Fisica Ingreso (Cuatrimestral)","IPC-B","0","33"
"30","Jueves","11:00","14:00","99.05","Comunicacion para Ing. (Cuatrimestral)","IPC-I","0","19"
"30","Lunes","15:00","18:00","99.05","Comunicacion para Ing. (Cuatrimestral)","IPC-B","0","32"
"30","Martes","12:00","14:00","93.65","Matematica IV","B","25","45"
"30","Lunes","10:00","12:00","93.80","Matematica Ingreso (Cuatrimestral)","IPC-B","0","35"
"30","Miercoles","15:00","18:00","93.80","Matematica Ingreso (Cuatrimestral)","IPC-A","0","35"
"3003","Martes","11:00","13:00","M4.46","Legislacion De Los Mercados De Gas Y Energ. Elect.","A","0","10"
"3003","Martes","09:00","11:00","M4.16","Economia De La Regulacion","A","0","10"
"3003","Martes","16:00","18:00","M4.53","Taller De Elabor.de Plan De Neg.y Eval.de Inv.en Los Mer.de","A","0","10"
"3003","Martes","09:00","11:00","M4.27","Macroeconomia","A","0","10"
"3003","Martes","14:00","16:00","M4.49","Marcos Reg. Comparados En Energ. Elect. Y Gas","A","0","10"
"3003","Martes","14:00","16:00","M4.48","Economia Y Reg. De La Produccion  Y Venta De Gas N","A","0","10"
"31","Martes","16:00","18:00","99.07","Comunicacion para Ing. (Anual)","CPA-D","0","30"
"31","Viernes","11:00","15:00","93.43","Fisica III","Q","25","49"
"31","Jueves","14:00","17:00","99.05","Comunicacion para Ing. (Cuatrimestral)","IPC-H","0","24"
"31","Viernes","15:00","18:00","81.41","Estrategia Empresaria","AB","0","52"
"31","Lunes","16:00","19:00","94.29","Formacion para Emprendedores","A ( EN INGLES )","25","27"
"31","Jueves","17:00","20:00","22.10","Electronica e Instrumentacion","B","25","38"
"31","Miercoles","19:00","22:00","30.01","Mecanica y Mecanismos","A","50","50"
"31","Martes","11:00","14:00","11.77","Estadistica Aplicada I","A","25","41"
"31","Miercoles","15:00","18:00","31.04","Elementos de Maquinas","M","0","34"
"31","Viernes","18:00","21:00","31.04","Elementos de Maquinas","M","0","34"
"31","Martes","19:00","22:00","72.07","Protocolos de Comunicacion","S","0","17"
"31","Jueves","10:00","14:00","93.03","Matematica III","Q","25","50"
"31","Martes","14:00","16:00","93.26","Analisis Matematico I","S","0","51"
"31","Lunes","10:00","12:00","93.17","Matematica I","C","17","36"
"31","Lunes","14:00","16:00","93.17","Matematica I","B","17","33"
"31","Miercoles","08:00","10:00","93.17","Matematica I","B","17","33"
"31","Viernes","08:00","10:00","93.17","Matematica I","C","17","36"
"31","Jueves","08:00","10:00","93.18","Algebra Lineal","E","1","28"
"31","Lunes","12:00","14:00","93.18","Algebra Lineal","B","8","29"
"31","Miercoles","10:00","12:00","93.18","Algebra Lineal","B","8","29"
"31","Lunes","08:00","10:00","93.18","Algebra Lineal","C","8","32"
"31","Miercoles","12:00","14:00","12.01","Quimica I","E","1","29"
"32","Lunes","12:00","14:00","93.17","Matematica I","A","17","23"
"32","Miercoles","10:00","12:00","93.17","Matematica I","A","17","23"
"32","Viernes","12:00","14:00","93.18","Algebra Lineal","E","1","28"
"32","Viernes","10:00","12:00","93.17","Matematica I","E","1","29"
"32","Viernes","08:00","10:00","93.26","Analisis Matematico I","S","0","51"
"32","Miercoles","08:00","10:00","12.02","Quimica II","B","22","15"
"32","Viernes","14:00","16:00","93.02","Matematica II","C","25","26"
"32","Lunes","08:00","12:00","93.03","Matematica III","A","25","57"
"32","Martes","15:30","17:30","93.03","Matematica III","A","25","57"
"32","Miercoles","12:00","14:00","93.42","Fisica II","C","25","31"
"32","Miercoles","15:00","18:00","30.02","Maquinas Termicas","ESPA헲L","25","61"
"32","Miercoles","19:00","22:00","30.01","Mecanica y Mecanismos","B","50","27"
"32","Jueves","10:00","13:00","94.29","Formacion para Emprendedores","K","25","87"
"32","Martes","12:00","15:00","22.10","Electronica e Instrumentacion","A","25","46"
"32","Jueves","17:00","20:00","22.10","Electronica e Instrumentacion","A","25","46"
"32","Martes","12:00","15:00","22.10","Electronica e Instrumentacion","B","25","38"
"32","Martes","19:00","22:00","11.59","Logistica","A","25","35"
"32","Lunes","14:00","17:00","61.82","Macroeconomia","B","20","41"
"32","Jueves","14:00","17:00","61.90","Derecho Publico y Privado","LB","40","52"
"32","Viernes","18:00","21:00","30.01","Mecanica y Mecanismos","C","30","32"
"33","Jueves","19:00","22:00","12.84","Introduccion a la Ingenieria Ambiental","Q","0","37"
"33","Viernes","14:00","16:00","12.50","Quimica Ingreso (Cuatrimestral)","IPC-H","0","29"
"33","Jueves","17:00","19:00","12.50","Quimica Ingreso (Cuatrimestral)","IPC-I","0","22"
"33","Lunes","13:00","14:00","93.90","Fisica Ingreso (Cuatrimestral)","IPC-D","0","35"
"33","Martes","13:00","15:00","93.90","Fisica Ingreso (Cuatrimestral)","IPC-D","0","35"
"33","Martes","18:00","20:30","93.90","Fisica Ingreso (Cuatrimestral)","IPC-I","0","21"
"33","Jueves","14:00","16:00","93.80","Matematica Ingreso (Cuatrimestral)","IPC-D","0","34"
"33","Martes","10:00","12:00","93.80","Matematica Ingreso (Cuatrimestral)","IPC-D","0","34"
"33","Viernes","08:00","10:00","93.80","Matematica Ingreso (Cuatrimestral)","IPC-H","0","30"
"33","Viernes","11:00","14:00","93.80","Matematica Ingreso (Cuatrimestral)","IPC-H","0","30"
"33","Miercoles","08:00","11:00","93.80","Matematica Ingreso (Cuatrimestral)","IPC-I","0","22"
"33","Miercoles","19:00","22:00","61.23","Economia para Ingenieros","KM","25","21"
"33","Miercoles","19:00","22:00","61.23","Economia para Ingenieros","PQ","25","24"
"33","Lunes","16:00","19:00","94.29","Formacion para Emprendedores","B ( EN INGLES )","25","30"
"33","Miercoles","15:00","18:00","31.19","Estatica y Resistencia de Materiales","PQ","0","39"
"33","Jueves","08:00","09:30","12.10","Introduccion a la Ingenieria Quimica","Q","0","22"
"33","Martes","15:00","17:00","93.42","Fisica II","K","25","19"
"33","Miercoles","11:00","14:00","31.17","Estatica y Resist. de Mat.","C","25","22"
"33","Lunes","08:00","11:00","94.24","Metodologia del Aprendizaje","A","25","18"
"33","Lunes","14:00","16:00","93.18","Algebra Lineal","A","8","20"
"33","Jueves","11:00","13:00","93.18","Algebra Lineal","C","8","32"
"8","Jueves","08:00","10:00","93.18","Algebra Lineal","K","8","14"
"8","Martes","18:00","21:00","11.10","Organizacion de la Produccion I","B","25","34"
"8","Martes","15:00","18:00","31.36","Metalurgia Fisica I","Q","30","16"
"8","Jueves","15:00","17:00","93.80","Matematica Ingreso (Cuatrimestral)","IPC-I","0","22"
"8","Jueves","10:00","14:00","93.80","Matematica Ingreso (Cuatrimestral)","IPC-E","0","28"
"8","Lunes","12:00","17:00","93.80","Matematica Ingreso (Cuatrimestral)","IPC-E","0","28"
"8","Lunes","09:00","12:00","12.50","Quimica Ingreso (Cuatrimestral)","IPC-E","0","28"
"8","Miercoles","13:00","16:00","99.05","Comunicacion para Ing. (Cuatrimestral)","IPC-E","0","26"
"8","Viernes","08:00","10:00","93.85","Matematica Ingreso (Anual)","CPA-D","0","32"
"8","Martes","13:00","14:30","93.85","Matematica Ingreso (Anual)","CPA-D","0","32"
"8","Miercoles","16:00","18:00","93.95","Fisica Ingreso (Anual)","CPA-D","0","32"
"8","Miercoles","18:00","21:00","81.99","Taller de Transicion 1 (Sistemas de Informacion)","B","0","65"
"8","Miercoles","10:30","12:00","93.95","Fisica Ingreso (Anual)","CPA-C","0","33"
"Horario y dia a Confirmar","Lunes","08:00","08:00","12.29","Modelado Matematico en Ingenieria Quimica","Q","0","8"
"Horario y dia a Confirmar","Lunes","08:00","08:00","41.97","Trabajo de Investigacion Dirigido en Petroleo","P","0","1"
"Hospital Italiano","Lunes","14:00","17:00","16.02","Histologia y Anatomia","BIO","0","16"
"Hospital Italiano","Miercoles","14:00","17:00","16.02","Histologia y Anatomia","BIO","0","16"
"Lab A","Jueves","19:00","22:00","11.86","Investigacion de Operaciones I","A","25","30"
"Lab A","Jueves","19:00","22:00","11.86","Investigacion de Operaciones I","B","25","26"
"Lab A","Martes","19:00","22:00","11.87","Investigacion de Operaciones II","A","0","14"
"Lab A","Martes","19:00","22:00","11.63","Simulacion","A","25","41"
"Lab A","Jueves","14:00","17:00","93.66","Metodos Numericos (M)","M","0","17"
"Lab A","Miercoles","18:00","22:00","12.85","Dise혎 Conceptual de Procesos","Q","0","21"
"Lab A","Viernes","15:00","18:00","71.55","Informatica General","A","25","17"
"Lab A","Lunes","17:00","20:00","71.55","Informatica General","B","25","8"
"Lab A","Lunes","08:00","11:00","71.55","Informatica General","C","25","15"
"Lab A","Viernes","08:00","11:00","71.55","Informatica General","D","1","30"
"Lab A","Lunes","14:00","17:00","71.55","Informatica General","E","1","34"
"Lab A","Lunes","11:00","14:00","71.55","Informatica General","F","25","15"
"Lab A","Miercoles","08:00","11:00","31.08","Sistemas de Representacion","K","4","15"
"Lab A","Miercoles","11:00","14:00","31.08","Sistemas de Representacion","S","4","35"
"Lab A","Martes","11:00","14:00","31.08","Sistemas de Representacion","A","4","16"
"Lab A","Martes","08:00","11:00","31.08","Sistemas de Representacion","B","4","26"
"Lab A","Martes","14:00","17:00","31.08","Sistemas de Representacion","D","1","27"
"Lab A","Miercoles","15:00","18:00","71.85","Programacion","A","0","22"
"Lab A","Jueves","09:00","12:00","31.20","Dise혎 Mecanico","MN","0","30"
"Lab A","Viernes","12:00","15:00","71.56","Programacion Basica","D","25","20"
"Lab C","Viernes","08:00","11:00","71.56","Programacion Basica","B","25","29"
"Lab C","Jueves","18:00","21:00","71.88","Gestion de Datos","B","20","17"
"Lab C","Miercoles","08:00","11:00","71.57","Introduccion a la Programacion","MN","0","23"
"Lab C","Martes","15:00","18:00","61.12","Gestion Financiera","B","25","29"
"Lab C","Jueves","11:00","14:00","31.08","Sistemas de Representacion","E","1","25"
"Lab C","Jueves","08:00","11:00","31.08","Sistemas de Representacion","F","4","19"
"Lab C","Jueves","14:00","17:00","31.08","Sistemas de Representacion","C","4","25"
"Lab C","Lunes","18:00","21:00","81.39","Sistemas Integrados de Gestion Empresaria I","AB","0","53"
"Lab C","Miercoles","18:00","21:00","81.39","Sistemas Integrados de Gestion Empresaria I","AB","0","53"
"Lab C","Martes","19:00","22:00","11.63","Simulacion","B","25","33"
"Lab C","Viernes","12:00","15:00","71.56","Programacion Basica","E","25","21"
"Lab C","Miercoles","12:00","15:00","61.50","Finanzas de la Empresa","A","25","42"
"Lab C","Lunes","08:00","11:00","71.56","Programacion Basica","C","25","37"
"Lab C","Miercoles","15:00","18:00","71.56","Programacion Basica","A","25","19"
"Lab C","Lunes","15:00","18:00","71.44","Estructura de Datos y Programacion","BIO","0","7"
"Lab Electrica","Jueves","18:00","20:00","21.08","Electrotecnia","MQ","0","43"
"Lab Electrica","Viernes","08:00","13:00","22.02","Electrotecnia I","K","0","23"
"Lab Electrica","Miercoles","20:00","22:00","21.08","Electrotecnia","MQ","0","43"
"Lab Electrica","Lunes","17:00","20:00","21.79","Electrotecnia II","E","0","7"
"Lab Electrica","Martes","18:00","20:00","21.06","Electrotecnia","A","28","38"
"Lab Electrica","Martes","20:00","22:00","21.06","Electrotecnia","BP","28","20"
"Lab Electrica A","Lunes","18:00","20:00","21.09","Maquinas Electricas","A","25","39"
"Lab Electrica A","Lunes","16:00","18:00","21.09","Maquinas Electricas","B","25","9"
"Lab Electrica A","Lunes","20:00","22:00","21.09","Maquinas Electricas","C","25","18"
"Lab Electrica B","Lunes","14:00","17:00","21.81","Maquinas Electricas II","EK","0","7"
"Lab Electronica","Lunes","14:30","16:30","22.54","Electronica Industrial","M","0","10"
"Lab Fisica","Lunes","17:00","19:00","93.41","Fisica I","C","25","22"
"Lab Fisica","Martes","17:00","19:00","93.41","Fisica I","A","25","41"
"Lab Fisica","Martes","09:00","11:00","93.42","Fisica II","A","25","53"
"Lab Fisica","Martes","11:00","13:00","93.53","Fisica II (Quimicos)","Q","0","18"
"Lab Fisica","Lunes","15:00","17:00","93.42","Fisica II","C","25","31"
"Lab Fisica","Lunes","11:00","13:00","93.42","Fisica II","MN","25","48"
"Lab Fisica","Jueves","12:00","14:00","93.42","Fisica II","S","25","40"
"Lab Fisica","Martes","13:00","15:00","93.42","Fisica II","K","25","19"
"Lab Fisica","Lunes","13:00","15:00","93.42","Fisica II","B","25","24"
"Lab Fisica","Viernes","08:00","10:00","93.41","Fisica I","S","28","31"
"Lab Fisica","Miercoles","16:00","18:00","93.41","Fisica I","D","25","27"
"Lab Fisica","Lunes","08:00","10:00","93.41","Fisica I","K","25","38"
"Lab Fisica","Jueves","08:00","10:00","93.41","Fisica I","F","25","10"
"Lab Fisica","Martes","15:00","17:00","93.41","Fisica I","E","25","23"
"Lab Fisica","Jueves","14:00","16:00","93.43","Fisica III","MPN","25","51"
"Lab Fisica","Miercoles","14:00","16:00","93.43","Fisica III","Q","25","49"
"Lab Fisica","Viernes","14:00","16:00","93.43","Fisica III","S","25","48"
"Lab Fisica","Jueves","16:00","18:00","93.43","Fisica III","B","25","35"
"Lab Fisica","Viernes","16:00","18:00","93.43","Fisica III","A","25","37"
"Lab Informatica Li-1","Miercoles","16:00","19:00","72.08","Arquitecturas de Computadoras","S","0","20"
"Lab Informatica Li-1","Martes","18:00","21:00","72.33","Programacion Orientada a Objetos","S","0","26"
"Lab Informatica Li-1","Miercoles","19:00","22:00","72.20","Redes de Informacion","S","0","21"
"Lab Informatica Li-1","Martes","15:00","17:00","72.31","Programacion Imperativa","S","0","34"
"Lab Informatica Li-1","Lunes","16:00","19:00","72.11","Sistemas Operativos","S","0","21"
"Lab Informatica Li-1","Lunes","19:00","22:00","72.44","Criptografia y Seguridad","S","0","17"
"Lab Informatica Li-1","Viernes","19:00","22:00","72.45","Proyecto Final  (Anual)","S","0","4"
"Lab Informatica Li-1","Lunes","08:00","11:00","72.03","Introduccion a la Informatica","S","0","34"
"Lab Informatica Li-1","Viernes","19:00","22:00","72.45","Proyecto Final  (Anual)","S","0","15"
"Lab Informatica Li-1","Lunes","09:00","13:00","72.82","Topicos de NOSQL","S","0","11"
"Lab Informatica Li-1","Martes","09:00","13:00","72.82","Topicos de NOSQL","S","0","11"
"Lab Informatica Li-1","Miercoles","09:00","13:00","72.82","Topicos de NOSQL","S","0","11"
"Lab Informatica Li-1","Jueves","09:00","13:00","72.82","Topicos de NOSQL","S","0","11"
"Lab Informatica Li-1","Viernes","09:00","13:00","72.82","Topicos de NOSQL","S","0","11"
"Lab Informatica Li-2","Lunes","19:00","22:00","72.38","Proyecto de Aplicaciones Web","S","0","12"
"Lab Informatica Li-2","Jueves","19:00","22:00","72.38","Proyecto de Aplicaciones Web","S","0","12"
"Lab Informatica Li-3","Jueves","14:00","17:00","72.37","Base de Datos I","S","0","24"
"Lab Informatica Li-3","Lunes","15:00","18:00","72.27","Sistemas de Inteligencia Artificial","S","0","22"
"Lab Informatica Li-3","Martes","19:00","22:00","72.27","Sistemas de Inteligencia Artificial","S","0","22"
"Lab Informatica Li-3","Martes","15:00","18:00","72.25","Simulacion de Sistemas","S","0","5"
"Lab Informatica Li-3","Jueves","19:00","22:00","72.25","Simulacion de Sistemas","S","0","5"
"Lab Informatica Li-3","Miercoles","16:00","19:00","72.72","Analisis y Verificacion de Modelos y Codigos","S","0","6"
"Lab Informatica Li-4","Lunes","16:00","19:00","72.66","Sistemas Embebidos","S","0","5"
"Lab Informatica Li-4","Lunes","13:00","16:00","72.60","Programacion Funcional","S","15","13"
"Lab Informatica Li-4","Jueves","19:00","22:00","72.40","Ingenieria de Software II","S","0","16"
"Lab Informatica Li-4","Miercoles","19:00","22:00","72.07","Protocolos de Comunicacion","S","0","17"
"Lab Informatica Li-4","Miercoles","16:00","19:00","72.35","Ingenieria de Software I","S","0","11"
"Lab Informatica Li-4","Lunes","19:00","22:00","72.36","Interaccion Hombre-computadora (HCI)","S","0","10"
"Lab Informatica Li-4","Martes","18:00","22:00","72.34","Estructura de Datos y Algoritmos","S","0","23"
"Lab Informatica Li-VJ","Lunes","15:30","18:30","72.81","Simulacion y Animacion de Sistemas Multiparticulas","S","0","2"
"Lab Informatica Li-VJ","Jueves","15:00","18:00","72.52","Analisis y Tratamiento de Imagenes","S","18","4"
"Lab Informatica Li-VJ","Jueves","19:00","22:00","72.65","Desarrollo de Videojuegos 2D en iPhone OS","S","10","11"
"Lab Informatica Li-VJ","Martes","18:00","21:00","72.71","Integracion de Sistemas de Informacion","INGLES","0","11"
"Lab Informatica Li-VJ","Miercoles","15:00","18:00","72.73","Aprendizaje por Refuerzo en Robotica","S","0","2"
"Lab Mecanica","Martes","15:00","18:00","31.88","Proyecto Automotor  (Anual)","M","0","8"
"Lab Multimedia","Martes","18:00","21:00","72.66","Sistemas Embebidos","S","0","5"
"Lab Quimica A","Miercoles","12:00","15:00","12.20","Quimica-fisica","Q","0","20"
"Lab Quimica A","Viernes","15:00","18:00","12.19","Quimica Analitica","Q","0","25"
"Lab Quimica A","Jueves","17:00","20:00","12.08","Bioquimica y Microbiologia","Q","0","19"
"Lab Quimica A","Miercoles","08:00","11:00","12.95","Trabajo de Laboratorio de Quimica","QA","0","5"
"Lab Quimica A","Miercoles","17:00","18:00","12.96","Trabajo Supervisado","Q","0","14"
"Lab Quimica A","Lunes","14:00","17:00","12.34","Quimica Organica para Petroleo","P","0","24"
"Lab Quimica A","Viernes","11:00","14:00","12.32","Quimica Organica I","Q","0","18"
"Lab Quimica A","Martes","14:00","17:00","12.02","Quimica II","B","22","15"
"Lab Quimica A","Jueves","14:00","17:00","12.02","Quimica II","D","22","19"
"Lab Quimica A","Martes","08:00","11:00","12.01","Quimica I","D","1","31"
"Lab Quimica A","Jueves","11:00","14:00","12.01","Quimica I","F","18","33"
"Lab Quimica A","Martes","11:00","14:00","12.01","Quimica I","B","18","27"
"Lab Quimica A","Lunes","08:00","11:00","12.01","Quimica I","A","18","32"
"Lab Quimica A","Viernes","08:00","11:00","12.33","Quimica Organica II","Q","0","26"
"Lab Quimica B","Martes","11:00","14:00","12.01","Quimica I","C","18","34"
"Lab Quimica B","Lunes","08:00","11:00","12.01","Quimica I","E","1","29"
"Lab Quimica B","Jueves","11:00","14:00","12.02","Quimica II","C","22","21"
"Lab Quimica B","Jueves","14:00","17:00","12.02","Quimica II","E","22","26"
"Lab Quimica B","Martes","14:00","17:00","12.02","Quimica II","F","18","31"
"Lab Quimica B","Martes","08:00","11:00","12.02","Quimica II","A","22","28"
"Lab Quimica C","Lunes","08:00","11:00","12.95","Trabajo de Laboratorio de Quimica","QB","0","13"
"Lab Quimica C","Martes","14:00","17:00","12.47","Control de Procesos/Laboratorio de Control de Procesos","A","0","7"
"Lab Simulacion","Lunes","18:00","21:00","41.16","Analisis de Transientes de Presion","P","0","17"
"Lab Simulacion","Martes","15:00","18:00","41.09","Ingenieria de Reservorios","P","0","19"
"Lab Simulacion","Jueves","15:00","18:00","41.09","Ingenieria de Reservorios","P","0","19"
"Lab Simulacion","Viernes","18:00","21:00","41.09","Ingenieria de Reservorios","P","0","19"
"Lab Simulacion","Martes","18:00","21:00","41.04","Perforacion Petrolera II","P","0","26"
"Lab Simulacion","Sabado","09:00","13:00","41.29","Geoestadistica","P","0","17"
"Lab Simulacion","Jueves","18:00","21:00","41.35","Simulacion de Reservorios","P","0","23"
"Lab Universia","Miercoles","19:00","22:00","81.60","Sistemas Integrados de Gestion en la Ind de Serv","B","0","21"
"Lab Universia","Viernes","19:00","22:00","81.60","Sistemas Integrados de Gestion en la Ind de Serv","B","0","21"
"Lab Universia","Jueves","12:00","15:00","81.02","Introduccion a la Licenciatura en Adm y Sistemas","AB","0","30"
"Lab Universia","Miercoles","11:00","14:00","71.80","Utilitarios en Informatica","LA","0","17"
"Lab Universia","Viernes","08:00","11:00","71.80","Utilitarios en Informatica","LA","0","17"
"Lab Universia","Lunes","08:00","11:00","71.80","Utilitarios en Informatica","LB","0","11"
"Lab Universia","Miercoles","08:00","11:00","71.80","Utilitarios en Informatica","LB","0","11"
"Lab Universia","Lunes","11:00","14:00","71.85","Programacion","A","0","22"
"Lab Universia","Martes","14:30","17:30","81.30","Analisis y Modelado de Procesos de Negocios","B","25","9"
"Lab Universia","Jueves","18:00","21:00","81.30","Analisis y Modelado de Procesos de Negocios","B","25","9"
"Lab Universia","Lunes","14:00","17:00","71.57","Introduccion a la Programacion","MN","0","23"
"Lab Universia","Jueves","15:00","18:00","71.44","Estructura de Datos y Programacion","BIO","0","7"
"Lab Universia","Lunes","19:00","22:00","12.27","Simulacion de Procesos","Q","0","9"
"Sede Algarrobo","Viernes","09:00","12:00","30.05","Manufactura","M","0","19"
"Sede Algarrobo","Jueves","12:30","15:30","30.09","Motores de Combustion Interna I B","M","0","15"