00.00,SECRETARIA ACADEMICA,Todos,SECRETARIA ACADEMICA,Todos,Todos,,,,SECRETARIA ACADEMICA,00.00,,SECRETARIA ACADEMICA,00.00
94.27,Administracion Recursos Humanos,Grado,Desarrollo Profesional,Segundo Cuat.,2013,Si,28,,Redes de Valor e Innovacion de Modelos de Negocios,10.05,,Administracion Recursos Humanos,94.27
93.21,Algebra,Grado,Matematica,Segundo Cuat.,2013,Si,32,,Org. de la Produccion II,11.02,,Algebra,93.21
93.58,Algebra,Grado,Matematica,Segundo Cuat.,2013,Si,46,,Calidad,11.05,,Algebra,93.58
93.18,Algebra Lineal,Grado,Matematica,Segundo Cuat.,2013,Si,200,,Calidad II,11.09,,Algebra Lineal,93.18
22.08,Algoritmos y Estructura de Datos,Grado,Electronica,Segundo Cuat.,2013,Si,13,,Organizacion de la Produccion I,11.10,,Algoritmos y Estructura de Datos,22.08
32.56,Alistamiento Naval,Grado,Naval,Segundo Cuat.,2013,Si,3,,Materiales y Procesos,11.16,,Alistamiento Naval,32.56
14.50,Analisis de Riesgos y Puntos Criticos de Control,Grado,Industrial,Segundo Cuat.,2013,Si,19,,Gerenciamiento de Proyectos,11.17,,Analisis de Riesgos y Puntos Criticos de Control,14.50
93.20,Analisis Matematico,Grado,Matematica,Segundo Cuat.,2013,Si,32,,Ingenieria y Mantenimiento,11.18,,Analisis Matematico,93.20
93.26,Analisis Matematico I,Grado,Matematica,Segundo Cuat.,2013,Si,43,,Costos Industriales,11.19,,Analisis Matematico I,93.26
93.28,Analisis Matematico II,Grado,Matematica,Segundo Cuat.,2013,Si,19,,Presupuesto y Control,11.20,,Analisis Matematico II,93.28
81.31,Analisis y Diseño de Aplicaciones Informaticas,Grado,Licenciatura en Adm. y Sistemas,Segundo Cuat.,2013,Si,17,,Taller de Modelizacion de Productos,11.34,,Analisis y Diseño de Aplicaciones Informaticas,81.31
81.30,Analisis y Modelado de Procesos de Negocios,Grado,Licenciatura en Adm. y Sistemas,Segundo Cuat.,2013,Si,27,,Gestion de Proyectos Tecnologicos,11.35,,Analisis y Modelado de Procesos de Negocios,81.30
72.52,Analisis y Tratamiento de Imagenes,Grado,Informatica,Segundo Cuat.,2013,Si,7,,Marketing,11.39,,Analisis y Tratamiento de Imagenes,72.52
72.72,Analisis y Verificacion de Modelos y Codigos,Grado,Informatica,Segundo Cuat.,2013,Si,0,,Marketing II,11.40,,Analisis y Verificacion de Modelos y Codigos,72.72
22.22,Antenas y Radiopropagacion,Grado,Electronica,Segundo Cuat.,2013,Si,8,,Proyectos de Inversion  (Anual),11.41,,Antenas y Radiopropagacion,22.22
81.08,Aplicacion de las Telecomunicaciones,Grado,Licenciatura en Adm. y Sistemas,Segundo Cuat.,2013,Si,31,,Planeamiento Estrategico,11.46,,Aplicacion de las Telecomunicaciones,81.08
72.75,Aprendizaje Automatico (Machine Learning),Grado,Informatica,Segundo Cuat.,2013,Si,1,,Investigacion Operativa,11.51,,Aprendizaje Automatico (Machine Learning),72.75
32.51,Arquitectura Naval II,Grado,Naval,Segundo Cuat.,2013,Si,4,,Dinamica de Sistemas,11.58,,Arquitectura Naval II,32.51
72.08,Arquitecturas de Computadoras,Grado,Informatica,Segundo Cuat.,2013,Si,20,,Logistica,11.59,,Arquitecturas de Computadoras,72.08
22.90,Automacion Industrial,Grado,Electronica,Segundo Cuat.,2013,Si,23,,Simulacion,11.63,,Automacion Industrial,22.90
72.39,"Automatas, Teoria de Lenguajes y Compiladores",Grado,Informatica,Segundo Cuat.,2013,Si,19,,Estadistica Aplicada,11.67,,"Automatas, Teoria de Lenguajes y Compiladores",72.39
72.37,Base de Datos I,Grado,Informatica,Segundo Cuat.,2013,Si,19,,Teoria de la Decision,11.73,,Base de Datos I,72.37
72.41,Base de Datos II,Grado,Informatica,Segundo Cuat.,2013,Si,14,,Gestion de Operaciones,11.83,,Base de Datos II,72.41
72.80,Big Data,Grado,Informatica,Segundo Cuat.,2013,Si,10,,Gestion de Proyectos,11.84,,Big Data,72.80
16.01,Biologia Molecular y Celular,Grado,Bioingenieria,Segundo Cuat.,2013,Si,10,,Toma de Decisiones,11.85,,Biologia Molecular y Celular,16.01
12.52,Bioquimica de los Alimentos,Grado,Quimica,Segundo Cuat.,2013,Si,0,,Metodologia de Investigacion,11.91,,Bioquimica de los Alimentos,12.52
12.08,Bioquimica y Microbiologia,Grado,Quimica,Segundo Cuat.,2013,Si,10,,Proyecto Final de Ingenieria Industrial,11.99,,Bioquimica y Microbiologia,12.08
11.05,Calidad,Grado,Industrial,Segundo Cuat.,2013,Si,44,,Quimica I,12.01,,Calidad,11.05
11.09,Calidad II,Grado,Industrial,Segundo Cuat.,2013,Si,7,,Quimica II,12.02,,Calidad II,11.09
21.82,Centrales Electricas,Grado,Electrica,Segundo Cuat.,2013,Si,4,,Bioquimica y Microbiologia,12.08,,Centrales Electricas,21.82
81.23,Comercio Electronico,Grado,Licenciatura en Adm. y Sistemas,Segundo Cuat.,2013,Si,24,,Quimica,12.09,,Comercio Electronico,81.23
94.42,Comunicacion Estrategica,Grado,Desarrollo Profesional,Segundo Cuat.,2013,Si,15,,Introduccion a la Ingenieria Quimica,12.10,,Comunicacion Estrategica,94.42
31.52,Construcciones Industriales(i),Grado,Mecanica,Segundo Cuat.,2013,Si,34,,Operaciones Unitarias I,12.11,,Construcciones Industriales(i),31.52
81.11,Contabilidad Gerencial,Grado,Licenciatura en Adm. y Sistemas,Segundo Cuat.,2013,Si,32,,Operaciones Unitarias II,12.12,,Contabilidad Gerencial,81.11
22.93,Control Automatico,Grado,Electronica,Segundo Cuat.,2013,Si,12,,Operaciones Unitarias III,12.13,,Control Automatico,22.93
12.47,Control de Procesos/Laboratorio de Control de Procesos,Grado,Quimica,Segundo Cuat.,2013,Si,14,,Fenomenos de Transporte,12.16,,Control de Procesos/Laboratorio de Control de Procesos,12.47
22.94,Control Discreto,Grado,Electronica,Segundo Cuat.,2013,Si,9,,Quimica Analitica,12.19,,Control Discreto,22.94
11.19,Costos Industriales,Grado,Industrial,Segundo Cuat.,2013,Si,50,,Quimica-fisica,12.20,,Costos Industriales,11.19
14.05,Creatividad,Grado,Industrial,Segundo Cuat.,2013,Si,30,,Ingenieria de Reacciones y Reactores I,12.24,,Creatividad,14.05
61.92,Derecho Aduanero,Grado,"Economia, Finanzas y Legales",Segundo Cuat.,2013,Si,15,,Termodinamica,12.26,,Derecho Aduanero,61.92
61.31,Derecho para Ingenieros,Grado,"Economia, Finanzas y Legales",Segundo Cuat.,2013,Si,71,,Simulacion de Procesos,12.27,,Derecho para Ingenieros,61.31
61.32,Derecho para Ingenieros,Grado,"Economia, Finanzas y Legales",Segundo Cuat.,2013,Si,23,,Residuos solidos y residuos peligrosos,12.28,,Derecho para Ingenieros,61.32
61.90,Derecho Publico y Privado,Grado,"Economia, Finanzas y Legales",Segundo Cuat.,2013,Si,21,,Industrializacion y Economia Petrolera,12.30,,Derecho Publico y Privado,61.90
41.19,Desarrollo de Negocios,Grado,Petroleo,Segundo Cuat.,2013,Si,13,,Quimica Organica I,12.32,,Desarrollo de Negocios,41.19
72.65,Desarrollo de Videojuegos 2D en iPhone OS,Grado,Informatica,Segundo Cuat.,2013,Si,9,,Quimica Organica II,12.33,,Desarrollo de Videojuegos 2D en iPhone OS,72.65
41.26,Desarrollo de Yacimientos  (Anual),Grado,Petroleo,Primer Cuat.,2013,Si,17,,Control de Procesos/Laboratorio de Control de Procesos,12.47,,Desarrollo de Yacimientos  (Anual),41.26
81.50,Diagnostico Empresario y Plan de Accion ( Trabajo Final ),Grado,Licenciatura en Adm. y Sistemas,Segundo Cuat.,2013,Si,0,,Bioquimica de los Alimentos,12.52,,Diagnostico Empresario y Plan de Accion ( Trabajo Final ),81.50
81.55,Diagnostico Empresario y Plan de Accion ( Trabajo Final ),Grado,Licenciatura en Adm. y Sistemas,Segundo Cuat.,2013,Si,27,,Seminario: Introduccion a la Tecnologia de los Alimentos,12.54,,Diagnostico Empresario y Plan de Accion ( Trabajo Final ),81.55
11.58,Dinamica de Sistemas,Grado,Industrial,Segundo Cuat.,2013,Si,41,,Seguridad e Inocuidad Alimentaria,12.57,,Dinamica de Sistemas,11.58
31.89,Dinamica del Automovil,Grado,Mecanica,Segundo Cuat.,2013,Si,6,,Ing. de los Alimentos,12.58,,Dinamica del Automovil,31.89
12.85,Diseño Conceptual de Procesos,Grado,Quimica,Segundo Cuat.,2013,Si,14,,Industrias Quimicas,12.77,,Diseño Conceptual de Procesos,12.85
22.31,Diseño de Equipos Electronicos  (Anual),Grado,Electronica,Primer Cuat.,2013,Si,16,,Seguridad Ocupacional y Ambiental,12.83,,Diseño de Equipos Electronicos  (Anual),22.31
22.31,Diseño de Equipos Electronicos  (Anual),Grado,Electronica,Segundo Cuat.,2013,Si,9,,Diseño Conceptual de Procesos,12.85,,Diseño de Equipos Electronicos  (Anual),22.31
31.20,Diseño Mecanico,Grado,Mecanica,Segundo Cuat.,2013,Si,31,,Proyecto de Plantas  (Anual),12.90,,Diseño Mecanico,31.20
72.32,Diseño y Procesamiento de Doc Xml,Grado,Informatica,Segundo Cuat.,2013,Si,24,,Proyecto de Plantas  (Anual),12.90,,Diseño y Procesamiento de Doc Xml,72.32
16.35,Dispositivos Bioelectronicos,Grado,Bioingenieria,Segundo Cuat.,2013,Si,3,,"Higiene, Seguridad y Medio Ambiente",12.93,,Dispositivos Bioelectronicos,16.35
21.88,Distribucion de la Energia Electrica,Grado,Electrica,Segundo Cuat.,2013,Si,3,,Trabajo de Laboratorio de Quimica,12.95,,Distribucion de la Energia Electrica,21.88
61.28,Economia,Grado,"Economia, Finanzas y Legales",Segundo Cuat.,2013,Si,48,,Trabajo Supervisado,12.96,,Economia,61.28
61.10,Economia Internacional,Grado,"Economia, Finanzas y Legales",Segundo Cuat.,2013,Si,17,,Trabajo Supervisado,12.99,,Economia Internacional,61.10
61.23,Economia para Ingenieros,Grado,"Economia, Finanzas y Legales",Segundo Cuat.,2013,Si,91,,Creatividad,14.05,,Economia para Ingenieros,61.23
61.24,Economia para Ingenieros,Grado,"Economia, Finanzas y Legales",Segundo Cuat.,2013,Si,23,,Reingenieria de Procesos,14.12,,Economia para Ingenieros,61.24
14.52,Eficiencia Energetica,Grado,Industrial,Segundo Cuat.,2013,Si,21,,Ingenieria y cambios Climaticos,14.40,,Eficiencia Energetica,14.52
22.21,Electromagnetismo,Grado,Electronica,Segundo Cuat.,2013,Si,1,,Integracion de Procesos y Sistemas en SCM,14.49,,Electromagnetismo,22.21
22.10,Electronica e Instrumentacion,Grado,Electronica,Segundo Cuat.,2013,Si,89,,Analisis de Riesgos y Puntos Criticos de Control,14.50,,Electronica e Instrumentacion,22.10
22.20,Electronica General,Grado,Electronica,Segundo Cuat.,2013,Si,15,,Eficiencia Energetica,14.52,,Electronica General,22.20
22.59,Electronica I,Grado,Electronica,Segundo Cuat.,2013,Si,12,,Strategy Development,14.54,,Electronica I,22.59
22.13,Electronica III,Grado,Electronica,Segundo Cuat.,2013,Si,15,,Biologia Molecular y Celular,16.01,,Electronica III,22.13
21.06,Electrotecnia,Grado,Electrica,Segundo Cuat.,2013,Si,87,,Fisiologia Cuantitativa,16.14,,Electrotecnia,21.06
21.08,Electrotecnia,Grado,Electrica,Segundo Cuat.,2013,Si,38,,Dispositivos Bioelectronicos,16.35,,Electrotecnia,21.08
30.07,Elementos Finitos I,Grado,Mecanica,Segundo Cuat.,2013,Si,24,,Introduccion a la Bioinformatica,16.50,,Elementos Finitos I,30.07
31.91,Elementos Finitos I,Grado,Mecanica,Segundo Cuat.,2013,Si,12,,Electrotecnia,21.06,,Elementos Finitos I,31.91
21.73,Energias Alternativas,Grado,Electrica,Segundo Cuat.,2013,Si,3,,Maquinas e Instalaciones Electricas,21.07,,Energias Alternativas,21.73
31.16,Ensayo de Materiales,Grado,Mecanica,Segundo Cuat.,2013,Si,18,,Electrotecnia,21.08,,Ensayo de Materiales,31.16
30.11,Ensayos No Destructivos,Grado,Mecanica,Segundo Cuat.,2013,Si,6,,Instalaciones Electricas y Luminotecnia,21.65,,Ensayos No Destructivos,30.11
94.63,Epistemologia y Heuristica,Grado,Desarrollo Profesional,Segundo Cuat.,2013,Si,33,,Mantenimiento de Maquinas e Instalaciones Electricas,21.72,,Epistemologia y Heuristica,94.63
94.54,Español intensivo para extranjeros A2,Grado,Desarrollo Profesional,Segundo Cuat.,2013,Si,14,,Energias Alternativas,21.73,,Español intensivo para extranjeros A2,94.54
99.51,Español Lengua Segunda B1,Grado,Desarrollo Profesional,Segundo Cuat.,2013,Si,0,,Instrumentos y Mediciones Electricas,21.74,,Español Lengua Segunda B1,99.51
99.52,Español Lengua Segunda B2,Grado,Desarrollo Profesional,Segundo Cuat.,2013,Si,0,,Maquinas Electricas I,21.80,,Español Lengua Segunda B2,99.52
99.53,Español Lengua Segunda C1,Grado,Desarrollo Profesional,Segundo Cuat.,2013,Si,0,,Centrales Electricas,21.82,,Español Lengua Segunda C1,99.53
99.54,"Español para Extranjeros, Nivel C2",Grado,Desarrollo Profesional,Segundo Cuat.,2013,Si,0,,Transmision de la Energia Electrica,21.83,,"Español para Extranjeros, Nivel C2",99.54
94.57,Español Semi-intensivo para Extranjeros B1,Grado,Desarrollo Profesional,Segundo Cuat.,2013,Si,0,,Proyecto Final  (Anual),21.84,,Español Semi-intensivo para Extranjeros B1,94.57
94.58,Español Semi-intensivo para Extranjeros B2,Grado,Desarrollo Profesional,Segundo Cuat.,2013,Si,0,,Mercado Electrico,21.87,,Español Semi-intensivo para Extranjeros B2,94.58
93.39,Estadistica,Grado,Matematica,Segundo Cuat.,2013,Si,19,,Distribucion de la Energia Electrica,21.88,,Estadistica,93.39
11.67,Estadistica Aplicada,Grado,Industrial,Segundo Cuat.,2013,Si,70,,Teoria de Circuitos,22.01,,Estadistica Aplicada,11.67
31.34,Estatica,Grado,Mecanica,Segundo Cuat.,2013,Si,26,,Introduccion a la Computacion,22.06,,Estatica,31.34
31.17,Estatica y Resist. de Mat.,Grado,Mecanica,Segundo Cuat.,2013,Si,95,,Programacion I,22.07,,Estatica y Resist. de Mat.,31.17
31.19,Estatica y Resistencia de Materiales,Grado,Mecanica,Segundo Cuat.,2013,Si,33,,Algoritmos y Estructura de Datos,22.08,,Estatica y Resistencia de Materiales,31.19
72.34,Estructura de Datos y Algoritmos,Grado,Informatica,Segundo Cuat.,2013,Si,17,,Electronica e Instrumentacion,22.10,,Estructura de Datos y Algoritmos,72.34
71.44,Estructura de Datos y Programacion,Grado,Informatica,Segundo Cuat.,2013,Si,18,,Electronica III,22.13,,Estructura de Datos y Programacion,71.44
94.40,Estructura de las Organizaciones,Grado,Desarrollo Profesional,Segundo Cuat.,2013,Si,24,,Electronica General,22.20,,Estructura de las Organizaciones,94.40
94.62,Etica en los Negocios,Grado,Desarrollo Profesional,Segundo Cuat.,2013,Si,62,,Electromagnetismo,22.21,,Etica en los Negocios,94.62
12.16,Fenomenos de Transporte,Grado,Quimica,Segundo Cuat.,2013,Si,13,,Antenas y Radiopropagacion,22.22,,Fenomenos de Transporte,12.16
94.61,Filosofia,Grado,Desarrollo Profesional,Segundo Cuat.,2013,Si,32,,Diseño de Equipos Electronicos  (Anual),22.31,,Filosofia,94.61
61.50,Finanzas de la Empresa,Grado,"Economia, Finanzas y Legales",Segundo Cuat.,2013,Si,39,,Diseño de Equipos Electronicos  (Anual),22.31,,Finanzas de la Empresa,61.50
93.41,Fisica I,Grado,Fisica,Segundo Cuat.,2013,Si,210,,Microelectronica,22.33,,Fisica I,93.41
93.42,Fisica II,Grado,Fisica,Segundo Cuat.,2013,Si,217,,Fundamentos de Electromagnetismo,22.37,,Fisica II,93.42
93.53,Fisica II (Quimicos),Grado,Fisica,Segundo Cuat.,2013,Si,24,,Interfaces Bioelectronicas,22.38,,Fisica II (Quimicos),93.53
93.43,Fisica III,Grado,Fisica,Segundo Cuat.,2013,Si,209,,Laboratorio de Electronica,22.42,,Fisica III,93.43
93.44,Fisica IV,Grado,Fisica,Segundo Cuat.,2013,Si,153,,Procesamiento de Voz,22.47,,Fisica IV,93.44
31.95,Fisica y Mecanica de Aceros,Grado,Mecanica,Segundo Cuat.,2013,Si,10,,Procesamiento de Imagenes,22.48,,Fisica y Mecanica de Aceros,31.95
16.14,Fisiologia Cuantitativa,Grado,Bioingenieria,Segundo Cuat.,2013,Si,7,,Laboratorio de Dsp-fpga,22.49,,Fisiologia Cuantitativa,16.14
41.44,Fluidos de Perforacion,Grado,Petroleo,Segundo Cuat.,2013,Si,6,,Tecnologia de Mat.electronicos,22.53,,Fluidos de Perforacion,41.44
94.21,Formacion General I,Grado,Desarrollo Profesional,Segundo Cuat.,2013,Si,147,,Electronica I,22.59,,Formacion General I,94.21
94.28,Formacion General II,Grado,Desarrollo Profesional,Segundo Cuat.,2013,Si,35,,Transmision de la Informacion,22.61,,Formacion General II,94.28
94.23,Formacion General III,Grado,Desarrollo Profesional,Segundo Cuat.,2013,Si,76,,Redes Digitales,22.66,,Formacion General III,94.23
94.10,Formacion para Emprendedores,Grado,Desarrollo Profesional,Segundo Cuat.,2013,Si,28,,Instrumentacion y Control Industrial,22.73,,Formacion para Emprendedores,94.10
94.29,Formacion para Emprendedores,Grado,Desarrollo Profesional,Segundo Cuat.,2013,Si,101,,Sistemas de Control,22.85,,Formacion para Emprendedores,94.29
22.37,Fundamentos de Electromagnetismo,Grado,Electronica,Segundo Cuat.,2013,Si,22,,Automacion Industrial,22.90,,Fundamentos de Electromagnetismo,22.37
41.15,Gas y Gasolina Natural,Grado,Petroleo,Segundo Cuat.,2013,Si,16,,Control Automatico,22.93,,Gas y Gasolina Natural,41.15
41.18,Geofisica de Reservorios,Grado,Petroleo,Segundo Cuat.,2013,Si,20,,Control Discreto,22.94,,Geofisica de Reservorios,41.18
41.05,Geologia del Petroleo,Grado,Petroleo,Segundo Cuat.,2013,Si,22,,Lab. de Microprocesadores,22.99,,Geologia del Petroleo,41.05
41.32,Geologia para Ingenieros,Grado,Petroleo,Segundo Cuat.,2013,Si,2,,Manufactura,30.05,,Geologia para Ingenieros,41.32
11.17,Gerenciamiento de Proyectos,Grado,Industrial,Segundo Cuat.,2013,Si,4,,Motores de Combustion Interna I A,30.06,,Gerenciamiento de Proyectos,11.17
71.88,Gestion de Datos,Grado,Informatica,Segundo Cuat.,2013,Si,51,,Elementos Finitos I,30.07,,Gestion de Datos,71.88
94.41,Gestion de los Recursos Humanos,Grado,Desarrollo Profesional,Segundo Cuat.,2013,Si,22,,Motores de Combustion Interna I B,30.09,,Gestion de los Recursos Humanos,94.41
11.83,Gestion de Operaciones,Grado,Industrial,Segundo Cuat.,2013,Si,32,,Ensayos No Destructivos,30.11,,Gestion de Operaciones,11.83
11.84,Gestion de Proyectos,Grado,Industrial,Segundo Cuat.,2013,Si,23,,Motores de Combustion Interna II,30.13,,Gestion de Proyectos,11.84
72.43,Gestion de Proyectos Informaticos,Grado,Informatica,Segundo Cuat.,2013,Si,4,,Sistemas de Representacion,31.08,,Gestion de Proyectos Informaticos,72.43
11.35,Gestion de Proyectos Tecnologicos,Grado,Industrial,Segundo Cuat.,2013,Si,16,,Ensayo de Materiales,31.16,,Gestion de Proyectos Tecnologicos,11.35
81.21,Gestion de Ventas,Grado,Licenciatura en Adm. y Sistemas,Segundo Cuat.,2013,Si,52,,Estatica y Resist. de Mat.,31.17,,Gestion de Ventas,81.21
61.12,Gestion Financiera,Grado,"Economia, Finanzas y Legales",Segundo Cuat.,2013,Si,36,,Laboratorio de Materiales,31.18,,Gestion Financiera,61.12
81.64,Gestion y Sistemas de Informacion de la Logistica Internacional,Grado,Licenciatura en Adm. y Sistemas,Segundo Cuat.,2013,Si,16,,Estatica y Resistencia de Materiales,31.19,,Gestion y Sistemas de Informacion de la Logistica Internacional,81.64
12.93,"Higiene, Seguridad y Medio Ambiente",Grado,Quimica,Segundo Cuat.,2013,Si,34,,Diseño Mecanico,31.20,,"Higiene, Seguridad y Medio Ambiente",12.93
81.25,Impuestos,Grado,Licenciatura en Adm. y Sistemas,Segundo Cuat.,2013,Si,38,,Termodinamica,31.21,,Impuestos,81.25
12.30,Industrializacion y Economia Petrolera,Grado,Quimica,Segundo Cuat.,2013,Si,43,,Mecanica de Fluidos,31.22,,Industrializacion y Economia Petrolera,12.30
12.77,Industrias Quimicas,Grado,Quimica,Segundo Cuat.,2013,Si,21,,Mecanica de Fluidos,31.24,,Industrias Quimicas,12.77
71.55,Informatica General,Grado,Informatica,Segundo Cuat.,2013,Si,156,,Termodinamica,31.25,,Informatica General,71.55
12.58,Ing. de los Alimentos,Grado,Quimica,Segundo Cuat.,2013,Si,8,,Mecanica de Fluidos,31.26,,Ing. de los Alimentos,12.58
12.24,Ingenieria de Reacciones y Reactores I,Grado,Quimica,Segundo Cuat.,2013,Si,14,,Mecanismos y Elementos de Maquinas,31.27,,Ingenieria de Reacciones y Reactores I,12.24
72.35,Ingenieria de Software I,Grado,Informatica,Segundo Cuat.,2013,Si,12,,Maquinas e Instalaciones Termicas,31.28,,Ingenieria de Software I,72.35
72.40,Ingenieria de Software II,Grado,Informatica,Segundo Cuat.,2013,Si,5,,Materiales Polimericos,31.30,,Ingenieria de Software II,72.40
14.40,Ingenieria y cambios Climaticos,Grado,Industrial,Segundo Cuat.,2013,Si,12,,Mecanismos,31.33,,Ingenieria y cambios Climaticos,14.40
11.18,Ingenieria y Mantenimiento,Grado,Industrial,Segundo Cuat.,2013,Si,8,,Estatica,31.34,,Ingenieria y Mantenimiento,11.18
21.65,Instalaciones Electricas y Luminotecnia,Grado,Electrica,Segundo Cuat.,2013,Si,2,,Resistencia de Materiales,31.35,,Instalaciones Electricas y Luminotecnia,21.65
22.73,Instrumentacion y Control Industrial,Grado,Electronica,Segundo Cuat.,2013,Si,41,,Transferencia de Calor,31.37,,Instrumentacion y Control Industrial,22.73
21.74,Instrumentos y Mediciones Electricas,Grado,Electrica,Segundo Cuat.,2013,Si,6,,Proyecto Mecanico  (Anual),31.40,,Instrumentos y Mediciones Electricas,21.74
81.38,Integracion de Procesos de Negocios y Aplic Inf,Grado,Licenciatura en Adm. y Sistemas,Segundo Cuat.,2013,Si,11,,Proyecto Mecanico  (Anual),31.40,,Integracion de Procesos de Negocios y Aplic Inf,81.38
14.49,Integracion de Procesos y Sistemas en SCM,Grado,Industrial,Segundo Cuat.,2013,Si,17,,Construcciones Industriales(i),31.52,,Integracion de Procesos y Sistemas en SCM,14.49
72.36,Interaccion Hombre-computadora (HCI),Grado,Informatica,Segundo Cuat.,2013,Si,23,,Proyectos Mecatronicos  (Anual),31.58,,Interaccion Hombre-computadora (HCI),72.36
22.38,Interfaces Bioelectronicas,Grado,Electronica,Segundo Cuat.,2013,Si,0,,Proyectos Mecatronicos  (Anual),31.58,,Interfaces Bioelectronicas,22.38
16.50,Introduccion a la Bioinformatica,Grado,Bioingenieria,Segundo Cuat.,2013,Si,2,,Procesos de Manufactura II,31.65,,Introduccion a la Bioinformatica,16.50
22.06,Introduccion a la Computacion,Grado,Electronica,Segundo Cuat.,2013,Si,14,,Sistemas Mecatronicos,31.82,,Introduccion a la Computacion,22.06
72.03,Introduccion a la Informatica,Grado,Informatica,Segundo Cuat.,2013,Si,29,,Transmisiones Automotrices,31.85,,Introduccion a la Informatica,72.03
12.10,Introduccion a la Ingenieria Quimica,Grado,Quimica,Segundo Cuat.,2013,Si,24,,Proyecto Automotor  (Anual),31.88,,Introduccion a la Ingenieria Quimica,12.10
81.02,Introduccion a la Licenciatura en Adm y Sistemas,Grado,Licenciatura en Adm. y Sistemas,Segundo Cuat.,2013,Si,24,,Dinamica del Automovil,31.89,,Introduccion a la Licenciatura en Adm y Sistemas,81.02
71.57,Introduccion a la Programacion,Grado,Informatica,Segundo Cuat.,2013,Si,24,,Elementos Finitos I,31.91,,Introduccion a la Programacion,71.57
72.50,Introduccion Al Desarrollo de Videojuegos,Grado,Informatica,Segundo Cuat.,2013,Si,10,,Tecnologia de Materiales Compuestos,31.94,,Introduccion Al Desarrollo de Videojuegos,72.50
11.51,Investigacion Operativa,Grado,Industrial,Segundo Cuat.,2013,Si,87,,Fisica y Mecanica de Aceros,31.95,,Investigacion Operativa,11.51
22.99,Lab. de Microprocesadores,Grado,Electronica,Segundo Cuat.,2013,Si,13,,Mecatronica Aplicada,31.99,,Lab. de Microprocesadores,22.99
22.49,Laboratorio de Dsp-fpga,Grado,Electronica,Segundo Cuat.,2013,Si,4,,Arquitectura Naval II,32.51,,Laboratorio de Dsp-fpga,22.49
22.42,Laboratorio de Electronica,Grado,Electronica,Segundo Cuat.,2013,Si,20,,Maquinas Marinas II,32.53,,Laboratorio de Electronica,22.42
31.18,Laboratorio de Materiales,Grado,Mecanica,Segundo Cuat.,2013,Si,18,,Alistamiento Naval,32.56,,Laboratorio de Materiales,31.18
93.35,Logica Computacional,Grado,Matematica,Segundo Cuat.,2013,Si,31,,Perforacion Petrolera I,41.03,,Logica Computacional,93.35
11.59,Logistica,Grado,Industrial,Segundo Cuat.,2013,Si,42,,Geologia del Petroleo,41.05,,Logistica,11.59
61.82,Macroeconomia,Grado,"Economia, Finanzas y Legales",Segundo Cuat.,2013,Si,41,,Petrofisica y Fluidos de Reservorios,41.08,,Macroeconomia,61.82
21.72,Mantenimiento de Maquinas e Instalaciones Electricas,Grado,Electrica,Segundo Cuat.,2013,Si,3,,Recuperacion Asistida de Petr.,41.10,,Mantenimiento de Maquinas e Instalaciones Electricas,21.72
30.05,Manufactura,Grado,Mecanica,Segundo Cuat.,2013,Si,25,,Gas y Gasolina Natural,41.15,,Manufactura,30.05
21.07,Maquinas e Instalaciones Electricas,Grado,Electrica,Segundo Cuat.,2013,Si,81,,Geofisica de Reservorios,41.18,,Maquinas e Instalaciones Electricas,21.07
31.28,Maquinas e Instalaciones Termicas,Grado,Mecanica,Segundo Cuat.,2013,Si,82,,Desarrollo de Negocios,41.19,,Maquinas e Instalaciones Termicas,31.28
21.80,Maquinas Electricas I,Grado,Electrica,Segundo Cuat.,2013,Si,7,,Practica de Campo I,41.21,,Maquinas Electricas I,21.80
32.53,Maquinas Marinas II,Grado,Naval,Segundo Cuat.,2013,Si,2,,Practica de Campo II,41.22,,Maquinas Marinas II,32.53
11.39,Marketing,Grado,Industrial,Segundo Cuat.,2013,Si,84,,Terminacion y Reparacion de Pozos de Petroleo y Gas,41.25,,Marketing,11.39
11.40,Marketing II,Grado,Industrial,Segundo Cuat.,2013,Si,19,,Desarrollo de Yacimientos  (Anual),41.26,,Marketing II,11.40
93.16,Matematica Discreta,Grado,Matematica,Segundo Cuat.,2013,Si,14,,Produccion de Petroleo,41.27,,Matematica Discreta,93.16
93.59,Matematica Discreta,Grado,Matematica,Segundo Cuat.,2013,Si,27,,Geologia para Ingenieros,41.32,,Matematica Discreta,93.59
93.17,Matematica I,Grado,Matematica,Segundo Cuat.,2013,Si,222,,Materiales para la Industria Petrolera,41.33,,Matematica I,93.17
93.02,Matematica II,Grado,Matematica,Segundo Cuat.,2013,Si,166,,Fluidos de Perforacion,41.44,,Matematica II,93.02
93.03,Matematica III,Grado,Matematica,Segundo Cuat.,2013,Si,166,,Trabajo Supervisado en Petroleo,41.96,,Matematica III,93.03
93.65,Matematica IV,Grado,Matematica,Segundo Cuat.,2013,Si,132,,Trabajo de Investigacion Dirigido en Petroleo,41.97,,Matematica IV,93.65
93.38,Matematica V,Grado,Matematica,Segundo Cuat.,2013,Si,21,,Economia Internacional,61.10,,Matematica V,93.38
41.33,Materiales para la Industria Petrolera,Grado,Petroleo,Segundo Cuat.,2013,Si,30,,Gestion Financiera,61.12,,Materiales para la Industria Petrolera,41.33
31.30,Materiales Polimericos,Grado,Mecanica,Segundo Cuat.,2013,Si,71,,Economia para Ingenieros,61.23,,Materiales Polimericos,31.30
11.16,Materiales y Procesos,Grado,Industrial,Segundo Cuat.,2013,Si,77,,Economia para Ingenieros,61.24,,Materiales y Procesos,11.16
31.22,Mecanica de Fluidos,Grado,Mecanica,Segundo Cuat.,2013,Si,82,,Economia,61.28,,Mecanica de Fluidos,31.22
31.24,Mecanica de Fluidos,Grado,Mecanica,Segundo Cuat.,2013,Si,9,,Derecho para Ingenieros,61.31,,Mecanica de Fluidos,31.24
31.26,Mecanica de Fluidos,Grado,Mecanica,Segundo Cuat.,2013,Si,22,,Derecho para Ingenieros,61.32,,Mecanica de Fluidos,31.26
93.51,Mecanica General,Grado,Fisica,Segundo Cuat.,2013,Si,57,,Finanzas de la Empresa,61.50,,Mecanica General,93.51
31.33,Mecanismos,Grado,Mecanica,Segundo Cuat.,2013,Si,40,,Microeconomia,61.81,,Mecanismos,31.33
31.27,Mecanismos y Elementos de Maquinas,Grado,Mecanica,Segundo Cuat.,2013,Si,79,,Macroeconomia,61.82,,Mecanismos y Elementos de Maquinas,31.27
31.99,Mecatronica Aplicada,Grado,Mecanica,Segundo Cuat.,2013,Si,12,,Derecho Publico y Privado,61.90,,Mecatronica Aplicada,31.99
21.87,Mercado Electrico,Grado,Electrica,Segundo Cuat.,2013,Si,2,,Derecho Aduanero,61.92,,Mercado Electrico,21.87
11.91,Metodologia de Investigacion,Grado,Industrial,Segundo Cuat.,2013,Si,25,,Estructura de Datos y Programacion,71.44,,Metodologia de Investigacion,11.91
94.24,Metodologia del Aprendizaje,Grado,Desarrollo Profesional,Segundo Cuat.,2013,Si,94,,Informatica General,71.55,,Metodologia del Aprendizaje,94.24
93.07,Metodos Numericos,Grado,Matematica,Segundo Cuat.,2013,Si,135,,Programacion Basica,71.56,,Metodos Numericos,93.07
93.75,Metodos Numericos Avanzados,Grado,Matematica,Segundo Cuat.,2013,Si,7,,Introduccion a la Programacion,71.57,,Metodos Numericos Avanzados,93.75
61.81,Microeconomia,Grado,"Economia, Finanzas y Legales",Segundo Cuat.,2013,Si,13,,Utilitarios en Informatica,71.80,,Microeconomia,61.81
22.33,Microelectronica,Grado,Electronica,Segundo Cuat.,2013,Si,6,,Programacion,71.85,,Microelectronica,22.33
81.61,Modelado Avanzado de Proc e Intelig de Neg,Grado,Licenciatura en Adm. y Sistemas,Segundo Cuat.,2013,Si,11,,Gestion de Datos,71.88,,Modelado Avanzado de Proc e Intelig de Neg,81.61
30.06,Motores de Combustion Interna I A,Grado,Mecanica,Segundo Cuat.,2013,Si,3,,Introduccion a la Informatica,72.03,,Motores de Combustion Interna I A,30.06
30.09,Motores de Combustion Interna I B,Grado,Mecanica,Segundo Cuat.,2013,Si,13,,Protocolos de Comunicacion,72.07,,Motores de Combustion Interna I B,30.09
30.13,Motores de Combustion Interna II,Grado,Mecanica,Segundo Cuat.,2013,Si,8,,Arquitecturas de Computadoras,72.08,,Motores de Combustion Interna II,30.13
72.55,Ontologias en la Web,Grado,Informatica,Segundo Cuat.,2013,Si,0,,Sistemas Operativos,72.11,,Ontologias en la Web,72.55
12.11,Operaciones Unitarias I,Grado,Quimica,Segundo Cuat.,2013,Si,14,,Simulacion de Sistemas,72.25,,Operaciones Unitarias I,12.11
12.12,Operaciones Unitarias II,Grado,Quimica,Segundo Cuat.,2013,Si,20,,Topologia de Internet: Analisis y Modelado,72.28,,Operaciones Unitarias II,12.12
12.13,Operaciones Unitarias III,Grado,Quimica,Segundo Cuat.,2013,Si,19,,Tipos para Lenguajes de Programacion,72.29,,Operaciones Unitarias III,12.13
11.02,Org. de la Produccion II,Grado,Industrial,Segundo Cuat.,2013,Si,63,,Programacion Imperativa,72.31,,Org. de la Produccion II,11.02
11.10,Organizacion de la Produccion I,Grado,Industrial,Segundo Cuat.,2013,Si,51,,Diseño y Procesamiento de Doc Xml,72.32,,Organizacion de la Produccion I,11.10
94.60,Panorama Historico Global,Grado,Desarrollo Profesional,Segundo Cuat.,2013,Si,28,,Programacion Orientada a Objetos,72.33,,Panorama Historico Global,94.60
41.03,Perforacion Petrolera I,Grado,Petroleo,Segundo Cuat.,2013,Si,23,,Estructura de Datos y Algoritmos,72.34,,Perforacion Petrolera I,41.03
41.08,Petrofisica y Fluidos de Reservorios,Grado,Petroleo,Segundo Cuat.,2013,Si,22,,Ingenieria de Software I,72.35,,Petrofisica y Fluidos de Reservorios,41.08
11.46,Planeamiento Estrategico,Grado,Industrial,Segundo Cuat.,2013,Si,59,,Interaccion Hombre-computadora (HCI),72.36,,Planeamiento Estrategico,11.46
41.21,Practica de Campo I,Grado,Petroleo,Segundo Cuat.,2013,Si,0,,Base de Datos I,72.37,,Practica de Campo I,41.21
41.22,Practica de Campo II,Grado,Petroleo,Segundo Cuat.,2013,Si,0,,Proyecto de Aplicaciones Web,72.38,,Practica de Campo II,41.22
11.20,Presupuesto y Control,Grado,Industrial,Segundo Cuat.,2013,Si,60,,"Automatas, Teoria de Lenguajes y Compiladores",72.39,,Presupuesto y Control,11.20
93.22,Prob.y Estadistica(i/m/q),Grado,Matematica,Segundo Cuat.,2013,Si,56,,Ingenieria de Software II,72.40,,Prob.y Estadistica(i/m/q),93.22
93.24,Probabil.y Estadistica(k/s),Grado,Matematica,Segundo Cuat.,2013,Si,45,,Base de Datos II,72.41,,Probabil.y Estadistica(k/s),93.24
93.36,Probabilidad,Grado,Matematica,Segundo Cuat.,2013,Si,72,,Programacion de Objetos Distribuidos,72.42,,Probabilidad,93.36
22.48,Procesamiento de Imagenes,Grado,Electronica,Segundo Cuat.,2013,Si,8,,Gestion de Proyectos Informaticos,72.43,,Procesamiento de Imagenes,22.48
22.47,Procesamiento de Voz,Grado,Electronica,Segundo Cuat.,2013,Si,3,,Proyecto Final  (Anual),72.45,,Procesamiento de Voz,22.47
31.65,Procesos de Manufactura II,Grado,Mecanica,Segundo Cuat.,2013,Si,14,,Proyecto Final  (Anual),72.45,,Procesos de Manufactura II,31.65
41.27,Produccion de Petroleo,Grado,Petroleo,Segundo Cuat.,2013,Si,24,,Introduccion Al Desarrollo de Videojuegos,72.50,,Produccion de Petroleo,41.27
71.85,Programacion,Grado,Informatica,Segundo Cuat.,2013,Si,31,,Analisis y Tratamiento de Imagenes,72.52,,Programacion,71.85
71.56,Programacion Basica,Grado,Informatica,Segundo Cuat.,2013,Si,159,,Ontologias en la Web,72.55,,Programacion Basica,71.56
72.42,Programacion de Objetos Distribuidos,Grado,Informatica,Segundo Cuat.,2013,Si,16,,Programacion Funcional,72.60,,Programacion de Objetos Distribuidos,72.42
72.60,Programacion Funcional,Grado,Informatica,Segundo Cuat.,2013,Si,15,,Desarrollo de Videojuegos 2D en iPhone OS,72.65,,Programacion Funcional,72.60
22.07,Programacion I,Grado,Electronica,Segundo Cuat.,2013,Si,11,,Analisis y Verificacion de Modelos y Codigos,72.72,,Programacion I,22.07
72.31,Programacion Imperativa,Grado,Informatica,Segundo Cuat.,2013,Si,35,,Aprendizaje Automatico (Machine Learning),72.75,,Programacion Imperativa,72.31
72.33,Programacion Orientada a Objetos,Grado,Informatica,Segundo Cuat.,2013,Si,31,,Big Data,72.80,,Programacion Orientada a Objetos,72.33
72.07,Protocolos de Comunicacion,Grado,Informatica,Segundo Cuat.,2013,Si,18,,Introduccion a la Licenciatura en Adm y Sistemas,81.02,,Protocolos de Comunicacion,72.07
31.88,Proyecto Automotor  (Anual),Grado,Mecanica,Primer Cuat.,2013,Si,4,,Sistemas Contables,81.07,,Proyecto Automotor  (Anual),31.88
72.38,Proyecto de Aplicaciones Web,Grado,Informatica,Segundo Cuat.,2013,Si,18,,Aplicacion de las Telecomunicaciones,81.08,,Proyecto de Aplicaciones Web,72.38
99.25,Proyecto de Fin de Carrera de Intercambio,Grado,Secretaria Academica,Segundo Cuat.,2013,Si,1,,Contabilidad Gerencial,81.11,,Proyecto de Fin de Carrera de Intercambio,99.25
12.90,Proyecto de Plantas  (Anual),Grado,Quimica,Segundo Cuat.,2013,Si,13,,Gestion de Ventas,81.21,,Proyecto de Plantas  (Anual),12.90
12.90,Proyecto de Plantas  (Anual),Grado,Quimica,Primer Cuat.,2013,Si,6,,Comercio Electronico,81.23,,Proyecto de Plantas  (Anual),12.90
21.84,Proyecto Final  (Anual),Grado,Electrica,Primer Cuat.,2013,Si,3,,Impuestos,81.25,,Proyecto Final  (Anual),21.84
72.45,Proyecto Final  (Anual),Grado,Informatica,Primer Cuat.,2013,Si,2,,Analisis y Modelado de Procesos de Negocios,81.30,,Proyecto Final  (Anual),72.45
72.45,Proyecto Final  (Anual),Grado,Informatica,Segundo Cuat.,2013,Si,15,,Analisis y Diseño de Aplicaciones Informaticas,81.31,,Proyecto Final  (Anual),72.45
11.99,Proyecto Final de Ingenieria Industrial,Grado,Industrial,Segundo Cuat.,2013,Si,83,,Sistemas Integrados de Gestion Empresaria II,81.36,,Proyecto Final de Ingenieria Industrial,11.99
31.40,Proyecto Mecanico  (Anual),Grado,Mecanica,Primer Cuat.,2013,Si,7,,Integracion de Procesos de Negocios y Aplic Inf,81.38,,Proyecto Mecanico  (Anual),31.40
31.40,Proyecto Mecanico  (Anual),Grado,Mecanica,Segundo Cuat.,2013,Si,7,,Seminario de Actualizacion,81.45,,Proyecto Mecanico  (Anual),31.40
11.41,Proyectos de Inversion  (Anual),Grado,Industrial,Primer Cuat.,2013,Si,125,,Diagnostico Empresario y Plan de Accion ( Trabajo Final ),81.50,,Proyectos de Inversion  (Anual),11.41
31.58,Proyectos Mecatronicos  (Anual),Grado,Mecanica,Primer Cuat.,2013,Si,6,,Diagnostico Empresario y Plan de Accion ( Trabajo Final ),81.55,,Proyectos Mecatronicos  (Anual),31.58
31.58,Proyectos Mecatronicos  (Anual),Grado,Mecanica,Segundo Cuat.,2013,Si,1,,Modelado Avanzado de Proc e Intelig de Neg,81.61,,Proyectos Mecatronicos  (Anual),31.58
12.09,Quimica,Grado,Quimica,Segundo Cuat.,2013,Si,25,,Gestion y Sistemas de Informacion de la Logistica Internacional,81.64,,Quimica,12.09
12.19,Quimica Analitica,Grado,Quimica,Segundo Cuat.,2013,Si,16,,Matematica II,93.02,,Quimica Analitica,12.19
12.01,Quimica I,Grado,Quimica,Segundo Cuat.,2013,Si,195,,Matematica III,93.03,,Quimica I,12.01
12.02,Quimica II,Grado,Quimica,Segundo Cuat.,2013,Si,160,,Metodos Numericos,93.07,,Quimica II,12.02
12.32,Quimica Organica I,Grado,Quimica,Segundo Cuat.,2013,Si,25,,Matematica Discreta,93.16,,Quimica Organica I,12.32
12.33,Quimica Organica II,Grado,Quimica,Segundo Cuat.,2013,Si,26,,Matematica I,93.17,,Quimica Organica II,12.33
12.20,Quimica-fisica,Grado,Quimica,Segundo Cuat.,2013,Si,18,,Algebra Lineal,93.18,,Quimica-fisica,12.20
41.10,Recuperacion Asistida de Petr.,Grado,Petroleo,Segundo Cuat.,2013,Si,25,,Analisis Matematico,93.20,,Recuperacion Asistida de Petr.,41.10
10.05,Redes de Valor e Innovacion de Modelos de Negocios,Grado,Industrial,Segundo Cuat.,2013,Si,5,,Algebra,93.21,,Redes de Valor e Innovacion de Modelos de Negocios,10.05
22.66,Redes Digitales,Grado,Electronica,Segundo Cuat.,2013,Si,8,,Prob.y Estadistica(i/m/q),93.22,,Redes Digitales,22.66
14.12,Reingenieria de Procesos,Grado,Industrial,Segundo Cuat.,2013,Si,21,,Probabil.y Estadistica(k/s),93.24,,Reingenieria de Procesos,14.12
12.28,Residuos solidos y residuos peligrosos,Grado,Quimica,Segundo Cuat.,2013,Si,9,,Analisis Matematico I,93.26,,Residuos solidos y residuos peligrosos,12.28
31.35,Resistencia de Materiales,Grado,Mecanica,Segundo Cuat.,2013,Si,13,,Analisis Matematico II,93.28,,Resistencia de Materiales,31.35
12.57,Seguridad e Inocuidad Alimentaria,Grado,Quimica,Segundo Cuat.,2013,Si,0,,Logica Computacional,93.35,,Seguridad e Inocuidad Alimentaria,12.57
12.83,Seguridad Ocupacional y Ambiental,Grado,Quimica,Segundo Cuat.,2013,Si,26,,Probabilidad,93.36,,Seguridad Ocupacional y Ambiental,12.83
81.45,Seminario de Actualizacion,Grado,Licenciatura en Adm. y Sistemas,Segundo Cuat.,2013,Si,13,,Matematica V,93.38,,Seminario de Actualizacion,81.45
12.54,Seminario: Introduccion a la Tecnologia de los Alimentos,Grado,Quimica,Segundo Cuat.,2013,Si,5,,Estadistica,93.39,,Seminario: Introduccion a la Tecnologia de los Alimentos,12.54
11.63,Simulacion,Grado,Industrial,Segundo Cuat.,2013,Si,60,,Fisica I,93.41,,Simulacion,11.63
12.27,Simulacion de Procesos,Grado,Quimica,Segundo Cuat.,2013,Si,12,,Fisica II,93.42,,Simulacion de Procesos,12.27
72.25,Simulacion de Sistemas,Grado,Informatica,Segundo Cuat.,2013,Si,8,,Fisica III,93.43,,Simulacion de Sistemas,72.25
81.07,Sistemas Contables,Grado,Licenciatura en Adm. y Sistemas,Segundo Cuat.,2013,Si,28,,Fisica IV,93.44,,Sistemas Contables,81.07
22.85,Sistemas de Control,Grado,Electronica,Segundo Cuat.,2013,Si,15,,Mecanica General,93.51,,Sistemas de Control,22.85
31.08,Sistemas de Representacion,Grado,Mecanica,Segundo Cuat.,2013,Si,192,,Fisica II (Quimicos),93.53,,Sistemas de Representacion,31.08
81.36,Sistemas Integrados de Gestion Empresaria II,Grado,Licenciatura en Adm. y Sistemas,Segundo Cuat.,2013,Si,36,,Algebra,93.58,,Sistemas Integrados de Gestion Empresaria II,81.36
31.82,Sistemas Mecatronicos,Grado,Mecanica,Segundo Cuat.,2013,Si,9,,Matematica Discreta,93.59,,Sistemas Mecatronicos,31.82
72.11,Sistemas Operativos,Grado,Informatica,Segundo Cuat.,2013,Si,9,,Matematica IV,93.65,,Sistemas Operativos,72.11
14.54,Strategy Development,Grado,Industrial,Segundo Cuat.,2013,Si,44,,Metodos Numericos Avanzados,93.75,,Strategy Development,14.54
11.34,Taller de Modelizacion de Productos,Grado,Industrial,Segundo Cuat.,2013,Si,4,,Formacion para Emprendedores,94.10,,Taller de Modelizacion de Productos,11.34
22.53,Tecnologia de Mat.electronicos,Grado,Electronica,Segundo Cuat.,2013,Si,14,,Formacion General I,94.21,,Tecnologia de Mat.electronicos,22.53
31.94,Tecnologia de Materiales Compuestos,Grado,Mecanica,Segundo Cuat.,2013,Si,16,,Formacion General III,94.23,,Tecnologia de Materiales Compuestos,31.94
22.01,Teoria de Circuitos,Grado,Electronica,Segundo Cuat.,2013,Si,17,,Metodologia del Aprendizaje,94.24,,Teoria de Circuitos,22.01
11.73,Teoria de la Decision,Grado,Industrial,Segundo Cuat.,2013,Si,45,,Administracion Recursos Humanos,94.27,,Teoria de la Decision,11.73
41.25,Terminacion y Reparacion de Pozos de Petroleo y Gas,Grado,Petroleo,Segundo Cuat.,2013,Si,24,,Formacion General II,94.28,,Terminacion y Reparacion de Pozos de Petroleo y Gas,41.25
12.26,Termodinamica,Grado,Quimica,Segundo Cuat.,2013,Si,14,,Formacion para Emprendedores,94.29,,Termodinamica,12.26
31.21,Termodinamica,Grado,Mecanica,Segundo Cuat.,2013,Si,36,,Estructura de las Organizaciones,94.40,,Termodinamica,31.21
31.25,Termodinamica,Grado,Mecanica,Segundo Cuat.,2013,Si,62,,Gestion de los Recursos Humanos,94.41,,Termodinamica,31.25
72.29,Tipos para Lenguajes de Programacion,Grado,Informatica,Segundo Cuat.,2013,Si,5,,Comunicacion Estrategica,94.42,,Tipos para Lenguajes de Programacion,72.29
11.85,Toma de Decisiones,Grado,Industrial,Segundo Cuat.,2013,Si,25,,Español intensivo para extranjeros A2,94.54,,Toma de Decisiones,11.85
72.28,Topologia de Internet: Analisis y Modelado,Grado,Informatica,Segundo Cuat.,2013,Si,5,,Español Semi-intensivo para Extranjeros B1,94.57,,Topologia de Internet: Analisis y Modelado,72.28
41.97,Trabajo de Investigacion Dirigido en Petroleo,Grado,Petroleo,Segundo Cuat.,2013,Si,1,,Español Semi-intensivo para Extranjeros B2,94.58,,Trabajo de Investigacion Dirigido en Petroleo,41.97
12.95,Trabajo de Laboratorio de Quimica,Grado,Quimica,Segundo Cuat.,2013,Si,25,,Panorama Historico Global,94.60,,Trabajo de Laboratorio de Quimica,12.95
12.96,Trabajo Supervisado,Grado,Quimica,Segundo Cuat.,2013,Si,10,,Filosofia,94.61,,Trabajo Supervisado,12.96
12.99,Trabajo Supervisado,Grado,Quimica,Segundo Cuat.,2013,Si,0,,Etica en los Negocios,94.62,,Trabajo Supervisado,12.99
41.96,Trabajo Supervisado en Petroleo,Grado,Petroleo,Segundo Cuat.,2013,Si,1,,Epistemologia y Heuristica,94.63,,Trabajo Supervisado en Petroleo,41.96
31.37,Transferencia de Calor,Grado,Mecanica,Segundo Cuat.,2013,Si,34,,Proyecto de Fin de Carrera de Intercambio,99.25,,Transferencia de Calor,31.37
21.83,Transmision de la Energia Electrica,Grado,Electrica,Segundo Cuat.,2013,Si,3,,Español Lengua Segunda B1,99.51,,Transmision de la Energia Electrica,21.83
22.61,Transmision de la Informacion,Grado,Electronica,Segundo Cuat.,2013,Si,17,,Español Lengua Segunda B2,99.52,,Transmision de la Informacion,22.61
31.85,Transmisiones Automotrices,Grado,Mecanica,Segundo Cuat.,2013,Si,5,,Español Lengua Segunda C1,99.53,,Transmisiones Automotrices,31.85
71.80,Utilitarios en Informatica,Grado,Informatica,Segundo Cuat.,2013,Si,22,,"Español para Extranjeros, Nivel C2",99.54,,Utilitarios en Informatica,71.80